-- --------------------------------------------------------

--
-- Table structure for table `categorias`
--

INSERT INTO `categorias` (`codigocategoria`,`nombrecategoria`,`codigoseccion`) VALUES
(1363,'Materiales Electricos, Suministros Electricos: Venta de',18),
(1364,'Electricos ... Materiales y Equipos ... Fabricación',18),
(1713,'Tableros ... Eléctricos',18),
(1371,'Electronica ... Proyectos, Servicios, Ingenieros Electronicos',18),
(2339,'Plantas Electricas: Venta de Plantas Electricas, Generadores Electricos',18),

(821,'Publicidad: Agencias de Publicidad, Empresas de Publicidad',5),
(822,'Medios de Publicidad, Medios Publicitarios, Publicidad en Medio',5),
(1115,'Avisos y Letreros Corporeos, Avisos, Logos, Letreros Corporeos',5),
(1761,'Vallas Publicitarias, Chupetas Publicitarias, Publicidad en Vallas',5),
(1036,'Librerias: Libreria, Venta de Libros, Colecciones en Librerias',31),


(120,'Ferreterias, Ferreterias Industriales, Tiendas de Ferreteria',21),
(614,'Materiales de Construccion, Materiales para la Construccion ',13),

(2213,'Acupuntura, Medicos Homeopatas, Medicina Alternativa, Acupuntura',38),
(2098,'Medicos: Medicina Antivejez, Antienvejecimiento, Sueros',38),
(784,'Medicos Ginecologos, Ginecologia, Ginecologas, Ginecobstetras',38),

(139,'Veterinarios, Clinicas Veterinarias, Medicos Veterinarios ',2),

(2144,'Medicos: Quiropracticos, Quiropraxias',38),
(2346,'Medicina Ocupacional, Salud Ocupacional, Medico, Salud Laboral',38),
(2136,'Medicos',38),


(1108,'Seguridad Industrial, Equipos Seguridad Industrial E Higiene',39),
(1684,'Seguridad, Equipos de Seguridad, Sistemas de Seguridad',39),


(260,'Ropa Deportiva, Zapatos Deportivos, Ropa para Deportes',37),
(2194,'Blue Jeans',37),
(1760,'Uniformes: Fabricas de Uniformes, Venta de Uniformes',37),
(2024,'Ropa ... Compra y Venta',37),
(1211,'Botas de Seguridad, Calzados, Zapatos, Botas Industriales, Montañeras',39),
(2336,'Uniformes Escolares, Ropa Escolar, Venta de Uniformes Escolares ',37),

(1770,'Agencias de Viajes y Turismo (Agencias de Viaje Nac./intern.)',45),


(1487,'Hoteles, Hospedaje, Hoteles Turisticos, Hoteles Ejecutivos, Hoteles',45),
(2477,'Posadas, Cabañas, Posadas y Cabañas, Cabañas y Posadas Turisticas ',45),

(2178,'Cursos de Crecimiento Personal, Taller de Autoayuda, Motivacion ',15),

(1039,'Masajes Terapeuticos, Antiestress, Relajantes, Masajes Esteticos',38),
(2229,'Spa, Centros de Spa, Spa de Relajacion, Spa de Salud Integral, Spa ',38),
(2288,'Dietas, Adelgazar, Tratamientos para Adelgazar, Detox, Dietas',38),
(2316,'Terapias Alternativas, Centros Holisticos, Espirituales',38),
(2382,'Fisioterapia, Fisioterapeutas, Centros de Fisioterapias',38),
(2383,'Tratamientos de Adicciones, Alcohol, Drogas, Dejar de Fumar',38),
(2397,'Nutricionistas, Nutricion, Alimentacion y Nutricion',38),
(2544,'Centros de Estetica, Medicina Estetica, Estetica Medica',11),


(111,'Plomeria: Materiales y Equipos de Plomerias, para Plomeros',21),
(1494,'Materiales para Impermeabilizar, Productos para Impermeabilizar ',33),


(737,'Montacargas: Repuestos y Accesorios para Montacargas',44),
(1893,'Montacargas: Alquiler, Reparacion, Mantenimiento de Montacargas',44),
(2200,'Recarga de Toner, Cartuchos de Impresoras, Tinta, Toner Originales ',12),
(1250,'Cavas de Refrigeracion, Cavas para Camiones, Cavas Industriales',35),
(930,'Maquinas de Coser, Maquinas de Bordar, Maquinas de Coser y Bordar',43),
(685,'Bolsas Plasticas, Venta y Fabrica de Bolsas Plasticas y Polietileno ',19),
(1234,'Motores: Venta de Motores, Motores de Automoviles, Motores de Carros ',7),
(2489,'Ascensores, Elevadores: Venta de Ascensores, Fabrica de Ascensores',44),
(1111,'Vigilancia, Vigilancia Privada, Empresas de Vigilancia, Vigilantes ',39),
 (482,'Persianas: Persianas Verticales, Persianas Horizontales, Miniflex',30),
(2348,'Desechables, Descartables: Platos, Servilletas, Cubiertos',46),


(86,'Portones Electricos, Puertas Automaticas, Electricas, a Control Remoto',33),
(92,'Puertas de Baño, Puertas para Baños, Venta de Puertas para Baños',33),
(2022,'Puertas Completas, Accesorios y Repuestos para Puertas',33),

(1980,'Fiestas: Servicios de (Decoracion, Organizacion, Regalos)',22),
(479,'Agencia de Festejos, Alquiler de Sillas y Mesas para Fiestas',22),
(2448,'Eventos Corporativos, Convenciones, Congresos, Foros: Organizacion de ',20),

(5,'Jardineria, Jardin, Jardines: Equipos, Herramientas, Articulos',2),
(148,'Floristerias: Floristeria, Flores, Arreglos Florales, Ramos, Floristeria',1),


(119,'Tuberias Plasticas, Pvc, Tuberia Pvc, Tubos Plasticos, Cpvc, Tubo Pvc ',13),
(1286,'Conexiones en General: Conexiones Pvc, Bronce, Cobre, Hierro, ..',28);


-- --------------------------------------------------------

--
-- Table structure for table `ciudades`
--

INSERT INTO `ciudades` (`codigociudad`, `codigotlf`, `nombreciudad`) VALUES
(41, '0212', 'Caracas'),
(44, '0255', 'Acarigua'),
(48, '0261', 'Maracaibo'),
(51, '0243', 'Maracay'),
(53, '0251', 'Barquisimeto'),
(55, '0241', 'Valencia'),
(56, '0242', 'Puerto Cabello'),
(57, '0286', 'Puerto Ordaz'),
(58, '0281', 'Puerto la Cruz'),
(59, '0245', 'Guacara'),
(60, '0212', 'Guatire'),
(62, '0295', 'Porlamar'),
(67, '0212', 'Los Teques'),
(70, '0281', 'Barcelona'),
(71, '0249', 'Montalban'),
(74, '0273', 'Barinas'),
(75, '0235', 'Valle de la Pascua'),
(77, '0276', 'San Cristobal'),
(78, '0212', 'Guarenas'),
(80, '0271', 'Motatan'),
(81, '0291', 'Maturin'),
(82, '0244', 'Turmero'),
(83, '0272', 'Trujillo'),
(85, '0268', 'Coro'),
(90, '0244', 'Cagua'),
(91, '0274', 'Merida'),
(98, '0269', 'Punto Fijo'),
(100, '0212', 'Fila de Mariches'),
(101, '0212', 'Turumo'),
(103, '0234', 'Higuerote'),
(106, '0293', 'Cumana'),
(107, '0246', 'San Juan de los Morros'),
(111, '0258', 'Tinaquillo'),
(114, '0241', 'Naguanagua'),
(121, '0254', 'San Felipe'),
(138, '0249', 'Bejuma'),
(152, '0264', 'Cabimas'),
(153, '0251', 'Cabudare'),
(174, '0252', 'Carora'),
(204, '0253', 'Duaca'),
(230, '0283', 'El Tigre'),
(234, '0275', 'El Vigia'),
(240, '0257', 'Guanare'),
(242, '0281', 'Guanta'),
(262, '0212', 'La Guaira'),
(273, '0263', 'Las Piedras'),
(275, '0281', 'Lecherias'),
(286, '0234', 'Mamporal'),
(323, '0234', 'Rio Chico'),
(332, '0258', 'San Carlos'),
(387, '0241', 'Tocuyito'),
(398, '0271', 'Valera'),
(403, '0251', 'Yaritagua'),
(425, '0212', 'El Junquito'),
(443, '0243', 'Santa Rita');

-- --------------------------------------------------------

--
-- Table structure for table `ciudad_estado`
--


INSERT INTO `ciudad_estado` (`codigociudad`, `capital`, `codigoestado`) VALUES
(41,'S',1),(44,'S',17),(48,'S',23),(51,'S',5),(53,'S',12),(55,'S',8),(56,'N',8),(57,'N',7),(58,'N',3),(59,'N',8),(60,'N',14),(62,'S',16),(67,'S',14),(70,'S',3),(71,'N',8),(74,'S',6),(75,'N',11),(77,'S',19),(78,'N',14),(80,'N',20),(81,'S',15),(82,'N',5),(83,'N',20),(85,'S',10),(90,'N',5),(91,'S',13),(98,'N',10),(100,'N',14),(101,'N',14),(103,'N',14),(106,'S',18),(107,'S',11),(111,'N',9),(114,'N',8),(121,'S',22),(138,'N',8),(152,'N',23),(153,'N',12),(174,'N',12),(204,'N',12),(230,'N',3),(234,'N',13),(240,'N',17),(242,'N',3),(262,'S',21),(273,'N',23),(275,'N',3),(286,'N',14),(323,'N',14),(332,'S',9),(387,'N',8),(398,'S',20),(403,'N',12),(425,'N',1),(443,'N',5);


-- --------------------------------------------------------

--
-- Table structure for table `dataempresas`
--

INSERT INTO `dataempresas` (`codigoempresa`, `codigosucursal`, `codigoestado`, `codigociudad`, `codigourbanizacion`, `direccion`, `urbanizacion`, `telefono`, `fax`, `email`,`latitud`, `longitud`) VALUES

(21100802,0,1,41,54,'Av. Venezuela, Edif. Venezuela, Local 4',NULL,'953.9166/9368','953.8732','ventas@divida.com.ve',104899.90580876591,-668609.7641995161),

(21420131,0,12,53,0,'Av. Simón Rodríguez, con Calle 29, Centro Empresarial Electro Control, PB, Local 34-56','.','273.3221/4798 (0414)525.0237',NULL,'intencol@hotmail.com',100813.04922932924,-693214.506297943),

(21423565,0,5,51,1310,'Av. Rómulo Gallegos, entre Carreras 3 y 4',NULL,'237.5237/4762 (0416)651.6031','237.5237','gerencia@dasem.com.ve',100833.80369509683,-693346.3100489348),

(21423717,0,5,51,0,'Av. 20, entre Calle 14 y 15, Edif. 14-30, Piso 2, Ofic. 1','Centro','252.3308/4078',NULL,'ventas@ascensoresnardi.com',100636.111,-693347.222),

(21427526,42812,1,41,24,'Av. Francisco de Miranda, Res. Sandra, Mezz., Local 7',NULL,'234.6241 237.9293',NULL,'acegui@gmail.com',104889.1485341188,-668263.5166424865),

(21428380,0,1,41,4,'Av. Estadios, con Calle Sanoja, Qta. Irene, Ofic. 6',NULL,'662.7116 (0412)859.2102','662.7116','100gramaverde@gmail.com',104816.91431583907,-668892.360175953),

(21440979,0,22,121,1310,'Calle 19, con Carrera 4',NULL,'237.1284/0672/1817/0280','237.0672/2175','aentralgor@gmail.com',100815.16519694123,-693404.8622537841),

(21449812,0,23,48,22,'Av. Francisco de Miranda, 1ra. Av. de Buena Vista, con Calle Johan Shafer, Qta. Dalia',NULL,'272.6487/6168 271.6645','235.6583','ventasalumfiltros@gmail.com',104765.37685211735,-668161.8295182034),

(21451049,0,1,41,73,'Av. Libertador, Edif. Siclar, Piso 5, Ofic. 54',NULL,'763.0678/6582','763.6582','gerencia@unipowerservicios.com',104972.36102301581,-668783.4329759522),

(21970555,0,1,41,296,'Av. Fco. de Miranda, con Av. Luis Roche, Edif. Humboldt, Piso 4, Ofic. 16',NULL,'537.2975 262.1112',NULL,'contacto@serviace.com',104951.35547304374,-668480.5740369416),

(21970587,0,1,41,296,'Av. Luis Roche, Cruce con Av. Fco. de Miranda, Edif. Humboldt, Piso 9, PH-42',NULL,'263.6294/3036 266.6639 (0414)126.2196',NULL,'contacto@phcreativo.com',104954.11025083602,-668484.0030540272),

(21971181,0,5,51,1166,'Calle El Samán, Nº. 107-B',NULL,'246.9036 (0414)052.3821','243.9036','info@suministrosfersi.com',102437.832939957,-675942.6100744439),

(21971182,0,1,41,8,'Calle 3, Centro Profesional La Urbina, Piso 10, Ofic. 10-F',NULL,'638.5162 (0426)511.8075 (0414)270.2549',NULL,'ventas@calatelecom.com.ve',104829.29256043252,-668051.7384232786),

(21975121,0,1,41,79,'Av. Maturín, Qta. Way, PB, entre Fedecamaras',NULL,'731.0059/5309',NULL,'ventasbredys@gmail.com',104970.26511913727,-668702.9559863663),

(21975303,0,22,121,0,'Carrera 28, Esquina Calle 37','Centro','445.4435 446.0733 233.6208','446.9906','info@virginiasuites.com',100738.89480670289,-693284.4583090508),

(21976106,0,1,41,7,'Av. Fco. de Miranda, C. C. Palo Verde, Nivel 7, Ofic. 3',NULL,'516.6320 624.5123 (0414)227.8924',NULL,'liderclean@hotmail.com',104786.61850277245,-667970.8735239257),

(21976407,0,1,41,1374,'Av. Fco. de Miranda, Torre Profesional La California, Piso 11, Ofic. 11-1',NULL,'319.8832/7050 421.7905 (0412)292.2681',NULL,'centrocepnasa@gmail.com',104804.66333062922,-668171.422625885),

(21976574,0,5,51,314,'Av. Miranda, Cruce con Callejón Las Clavelinas, N°. 122',NULL,'233.0845/6862 (0414)492.8091 (0412)451.7537','233.6862','solochip@hotmail.com',102472.56954124688,-675884.5389364012),

(21976612,0,1,41,21,'Av. Andrés Bello, Edif. Centro Plaza, Torre D, Piso 7, Ofic. 7B',NULL,'286.9769/8711 285.1502',NULL,'marketing@horusgrp.net',104967.6320800878,-668456.7277965392),

(21976658,0,1,41,1790,'Av. Rómulo Gallegos, Centro Juvenil Don Bosco, Área de Piscina',NULL,'234.6242 315.5065 (0412)983.9954',NULL,'academiadedeporteslosdelfines@hotmail.com',104937.43030410517,-668253.2836450195),

(21976723,0,1,41,162,'Av. El Hatillo, con Calle Guairita, Edif. Provincial, Piso 5, Ofic. 5B-1',NULL,'519.4778/5414',NULL,'info@geotrans.com.ve',104782.45582378992,-668921.7437757111),

(21977157,0,1,41,1391,'Calle Bracamonte, Sector La Chivera',NULL,'963.1984 527.7175',NULL,'losmanantiales@gmail.com',104147.81313028577,-668059.7890866852),

(21977330,0,1,41,14,'3ra. Transv., Nº. 8-22, Local PB, a 50 Mts. del Estacionamiento Público',NULL,'239.6332',NULL,'fotolitomatiz@yahoo.com',104904.7469371367,-668218.0194788515),

(21977693,0,8,55,0,'Calle Vargas, Edif. Don Pelayo, Torre E, Piso 7, Ofic. 1','Centro','711.2341 (0412)854.7606 (0412)040.3550','711.2341','maribel.pita@hotmail.com',101860.30387838508,-680049.3223585852),

(21978265,0,5,51,0,'Calle 192, Casa Nº. 108-150, Sector Tarapio','La Begoña','(0416)680.2225 (0424)419.9199',NULL,'servicios.servifeca@gmail.com',102611.43459605915,-680226.8581813632),

(21978365,0,14,60,0,'Av. Intercomunal Guarenas-Guatire, C. C. Oasis Center, PB, Local M-6','.','424.6495 (0424)212.7175',NULL,'pestcontrol.mol@hotmail.com',104651.95217743922,-665708.1575198975),

(21978400,0,5,51,404,'Av. El Hipodromo',NULL,'219.2608 (0414)049.4068 (0414)039.9921',NULL,'seguridadoreca@hotmail.com',102357.1156591,-676099.5228541947),

(21978549,0,1,41,13,'Av. El Buen Pastor, Centro Ávila, al Lado de la Universidad Ávila',NULL,'883.4346 239.3831',NULL,'fueducare@universityeducare.com.ve',104760.78420898714,-668062.129490906),

(21978770,0,8,55,289,'Calle Girardot, Cruce con Calle Cabriales, C. C. HCH, Local 1A',NULL,'859.2335 317.3079','859.1282','gozmarsolucionesca@gmail.com',101801.41457850604,-679968.3004677428),

(21978787,0,8,55,1809,'Av. Bolivar Norte, Calle 145, N°. 101-160, Qta. Mirella, Subiendo por Il Cantone',NULL,'415.6067 (0414)340.6018','891.9404','azulfiestaeventos@hotmail.com',102166.23851789903,-680100.2549900375),

(21978819,0,1,41,0,'1ra. Av., Parcela Nº. D-06','Zona Industrial Este','365.3685/2703 428.2080 (0414)121.0734',NULL,'rdlteknomaderas@gmail.com',104741.3299126989,-666192.0275788878),

(21978937,0,1,41,80,'Av. Libertador, Edif. Majestic, Piso 9, Apto. 94, Frente a la Policlínica Santiago de León',NULL,'762.8258 837.9219 (0416)413.0724',NULL,'administracion@ium.com.ve',104967.42911798325,-668735.3221799924),

(21979044,0,1,41,4,'Calle Bellas Artes, Qta. Carmen',NULL,'625.5589 814.6264 (0412)605.7156',NULL,'ventas@aepiservicios.com',104854.72301454518,-668866.9001097566),

(21979099,0,1,41,13,'Av. Fco. de Miranda, Centro Seguros La Paz, Ala Oeste, Piso 5, Ofic. 553',NULL,'742.3858 327.9325',NULL,'info.corporacionsamana@gmail.com',104868.8818322568,-668225.1392658156),

(21979175,0,1,41,1382,'Av. Urdaneta, Esquina Punceres a Escalinata, Edif. Serenata, Nivel Estacionamiento',NULL,' (0416)929.2157',NULL,'ramirezc.marco@gmail.com',104398.8084863253,-668720.8613334349),

(21979235,0,1,41,69,'Av. Fco. de Miranda, Edif. Roraima, Piso 5, Ofic. 5A',NULL,'953.9993',NULL,'info@corpsobreruedas.com',104916.85509405059,-668633.4820859832),

(21979352,0,5,51,402,'Calle Junin, entre Calle Páez y 10 de Diciembre, Local 118-4',NULL,'233.5382 (0414)589.8228 (0426)531.9979',NULL,'veneoffice.maracay@gmail.com',102479.48812655067,-675967.3670632696),

(21979359,0,5,51,1131,'Av. Casanova Godoy, Cruce con Fuerzas Aéreas, C. C. Hyper Jumbo Mall, PB, Local 44',NULL,'200.6443 232.5973',NULL,'info@payarashop.com',102538.70128723761,-675844.016593868),

(21979362,0,8,55,2976,'Av. Henry Ford, C. C. Paseo Las Industrias, Nivel 1, Local 1-10',NULL,'834.4652',NULL,'gerencia@ofisalud.com.ve',101651.56079376795,-679566.9661126709),

(21979487,0,8,55,1265,'Av. Bolívar Norte, C. C. Multicentro El Viñedo, Nivel C, Local C-53',NULL,'824.7918 (0412)404.9930',NULL,'terraset_vzla@hotmail.com',102130.30766362294,-680093.6717431335),

(21979500,0,8,55,1849,'Av. Miranda, Cruce con Calle 117, Torre Seguros Los Andes, PB',NULL,'857.9789 (0412)443.6038 (0412)441.6511',NULL,'identidadvisual2008@gmail.com',101974.19156842845,-680051.5527814866),

(21979861,0,1,41,1783,'Av. Universidad, Esquina Monrroy, Edif. Alianza, Piso 1, Ofic. 1C',NULL,'572.0585',NULL,'sgicomve@gmail.com',104970.23572188649,-668867.8770120544),

(22100227,0,1,41,24,'Av. Principal, con 2da. Transv., Edif. Centro Empresarial Senderos, Piso 5, Ofic. 508-A',NULL,'239.0067 237.5308','239.0067 237.5308','mercadeo@infocent.com.ve',104857.57944133866,-668272.6408728024),

(22101424,0,1,41,21,'Av. Fco. de Miranda, Edif. Parque Cristal, Torre Oeste, Piso 1, Ofic. 05',NULL,'283.9711',NULL,'info@omega.com.ve',104971.04189080027,-668430.8550823971),

(22102567,0,1,41,16,'Av. 1ra., eentre 4ta. y 5ta. Transv., Qta. Vidrio Protect, Nº. 34',NULL,'237.6649','235.4253','info@vidrioprotect.com',104974.56566100858,-668277.556740677),

(22103495,40173,1,41,0,'C. C. San Diego, Loc. M-33','San Diego','872.6362',NULL,'info@mavempa.com',102239.39386126707,-679660.6063842773),

(22104618,0,1,41,0,'Carretera Nacional Mamporal-Higuerote, 2da. Transv., Centro Sica, Nivel Entrada','Stadium','342.1016/1136/1233','342.1811','info@sica.com.ve',103715.93029573718,-661359.9332806393),

(22105503,0,1,41,21,'Av. Fco. de Miranda, C. C. Centro Plaza, Torre A, Piso 19, Ofic. 8',NULL,'286.8281 (0414)232.2920','285.7189','info@topsmodels.com.ve',104966.382247664,-668454.6434788933),

(22106265,0,8,55,0,'Vía Nirgua - Barquisimeto','Aguirre','941.5151 414.7141 (0416)647.9999 (0412)241.9999',NULL,'hlcreservas@gmail.com',102252.10066333894,-682748.7315431443),

(22106685,0,12,53,0,'Carrera 13, entre Calle 43 y 44, Edif. Cofepromin, PB, Local S/N','San Juan','445.7881 446.3711 (0414)541.3811 (0414)530.0666',NULL,'ventas@fedeven.com',100582.90112043784,-693336.3419059447),

(22107173,0,1,41,243,'Calle Callejón Mañongo, Local 162-165, a 50 Mts. del Parque Dunas',NULL,'619.6523 (0424)470.7625 (0412)740.8756',NULL,'dr.airevalencia@hotmail.com',102327.91485567834,-679962.3260373534),

(22107175,0,5,51,209,'C. C. Siglo XXI, PB, Local A40',NULL,'821.7909 826.2915 (0414)593.8756',NULL,'ven@accubankerpartner.com',102349.47544521082,-679793.8729614259),

(22200103,0,17,240,0,'Carrera 17, con Esquina Calle 60, Qta. Santa Barbara, N°. 17-11','Centro','442.8201/7626 715.9077 (0414)511.7338','442.7626','ventas@edillara.com',100613.61808492482,-693530.1108403166),

(22200546,0,1,41,0,'Calle D, Galpón Nº. 3, Zona Industrial Guayabal','El Recreo','365.2191 (0414)904.5873',NULL,'ventas@bacan.com.ve',104724.06019005895,-666261.0807573243),

(22200607,0,12,53,3239,'Calle 14, con Carrera 21, Nº. 14-12',NULL,'252.2032/6070','252.2032','invalcabarquisimeto@gmail.com',100686.61339145264,-693057.398323532),

(22200655,0,5,51,2824,'Calle Piar, Nº. 2',NULL,'(0416)439.8369',NULL,'infoypromociones@angeltellca.com',102121.14283988242,-673479.7334399411),

(22201285,0,8,387,2133,'Calle Principal, Manzana 9, Casa Nº. 6, Sector Pocaterra',NULL,'894.0558 (0426)543.1245 (0414)346.9041',NULL,'tsbmaquinarias@gmail.com',101178.24253753026,-680665.855682617),

(22201385,0,14,78,74,'Calle Los Cerritos, Qta. Belkis, PA, Ofic. 05',NULL,'326.3041 318.5143 (0414)117.5794 (0426)608.3040',NULL,'dlj1789c.a@gmail.com',104895.63,-668708.45),

(22201513,0,1,41,181,'Av. La Floresta, Casa Nº. 18',NULL,'633.2597 914.5088/3116',NULL,'ventas@madeplast.com.ve',104832.7087231268,-669096.9466112977),

(22401569,0,5,51,402,'Av. Bolívar, con Calle Pichincha, Nº. 93',NULL,'247.4612 246.6328/2443','247.3509','autoglassmarimar@gmail.com',102534.38098674641,-676094.2120803452),

(22402831,0,12,53,0,'Av. Venezuela, con Calle Esquina 6, Nº. 5-91','.','252.8428/9360','252.8915','irchalin.ca@gmail.com',100732.67036192501,-692871.6821713408),

(22403294,0,1,41,59,'Av. Sur 2, Casa Mi Querencia, PB',NULL,'435.0491 (0426)300.3412',NULL,'info@casadomo.com.ve',104395.75330227996,-668354.71955603),


(22403439,0,12,53,0,'Calle Los Profesionales, Edif. Don Alberto, PB, Local 1','La Represa','421.1507/0764 422.0103/0711','422.0103','info@ativen.com',101632.64377328066,-700879.5187709046),

(22403475,0,8,55,241,'Autopista Valencia-Tocuyito, Local Nº. 01',NULL,'711.1042 (0424)456.9425 (0426)643.6417','711.1042','fare273@gmail.com',101331.67699191791,-680538.366746826),

(22403484,0,1,41,1781,'Calle El Recreo, entre Av. Casanova y Av. Venezuela, C. C. El Recreo, Torre Sur, Piso 9, Ofic. 7',NULL,'762.8355/2043','763.2001','emilse.plata@avgh.org.ve',104913.45368887522,-668779.9542005462),

(22403587,0,5,51,0,'Calle el Porvenir, Galpón 13-A, Zona Industrial El Piñonal I','.','272.1795 808.0784','235.4522','industrias_nobel@hotmail.com',102195.96876506514,-675766.0438073731),

(23100517,0,1,41,27,'Av. Mara, C. C. Macaracuay Plaza, Torre A, Nivel 2, Ofic. 2A',NULL,'(0800)852.5822 319.5080','256.0374','info@kaluca.com',104678.60496314612,-668196.3411436386),

(24000166,0,1,41,1684,'Calle Suapure, Qta. 24-15, Piso 2, Ofic. 12. ',NULL,'416.2535 (0414)126.0695',NULL,'grupografico5@gmail.com',104846.69257406207,-668771.3196239622),

(24000819,0,8,55,41,'Av. La Estancia, C. C. C. T., Nivel PB, Local 43S-04',NULL,'959.2196/7705/9498 (0414)129.4221 (0416)414.3528',NULL,'cerrajeriabob@hotmail.com',104856.35714783625,-668552.7791036225),

(24001307,0,1,41,0,'Carrera 22, Esquina Calle 29','Centro','232.5409/7555 (0416)456.7899','232.7555','sivencasinger@gmail.com',100687.0279506682,-693203.4555968016),

(24002474,0,1,41,162,'Av. La Guarita, Edif. Provincial, Piso 1',NULL,'944.6377/6035','944.6035','riccar24@gmail.com',104363.46167694635,-668603.273290222),

(24002606,0,14,100,0,'Carretera Petare-Santa Lucía, Km. 2, Galpón Parcela Nº. 11-B, 50 Mts. después del Mcdonald, Frente al Banco de Venezuela','.','290.0421',NULL,'bricotek.army@gmail.com',104843.10489792703,-667864.2425537112),

(24100603,0,8,55,1265,'Calle 140, Qta. Aguamanil, Nº. 104-147',NULL,'825.3392/2822 (0414)405.0814','825.2822','aguamanilplus@gmail.com',102132.701,-680127.253),

(24100744,0,5,51,1177,'Av. Circunv., con Calle 15, Local 27-D',NULL,'234.4995 872.7961','234.4993','toyomaquinas@hotmail.com',102408.21638905538,-675758.828665123),

(24100745,0,1,41,295,'Calle Pantín, Edif. Ferrio, Piso 1',NULL,'212.5000',NULL,'info@sltracker.com',104895.58050167593,-668559.6605351179),

(24100949,0,12,53,0,'Carrera 24, con Calle 12 y 13, Casa Nº. 12-19, Local S/N','Centro','251.4629 714.1922/1960',NULL,'distribuidoraguaramao@hotmail.com',100720.95289588535,-693040.2321858367),

(24101175,0,12,53,0,'Av. Vía Duaca, Km. 11, Local S/N','Sabana Grande','883.9809 (0414)523.0647/530.0995 (0416)6501.5820',NULL,'mundo.europeo@gmail.com',101781.890616432,-693108.3981093138),

(24101190,0,1,41,80,'Av. Los Huertos, Edif. Abigla, Piso 2, Ofic. 2C',NULL,'720.4694 (0426)536.2235 (0416)628.6336',NULL,'yennydiaz@miami-express-shop.com',104986.32635951354,-668733.7209237671),

(24101222,0,1,41,34,'Calle Milán, Edif. Mejor, Piso 3, Ofic. 3B',NULL,'258.0905/0749/1140 257.2011',NULL,'ventas1@serviexpress-int.com',104805.53392358297,-668322.5225008471),

(24201256,0,1,41,1196,'Av. 108, N°. 128 A-2, Local 1',NULL,'824.3589 825.3449 822.0580','823.5721','info@redfloral.com',102059.6631997383,-680198.3999577027),

(24202092,0,1,41,41,'Av. La Estancia, CCCT, Entrada Oeste, P-3, Ofc. 310',NULL,'959.1658/6737 (0500)728.3522',NULL,'info@satelca.com.ve',104451.01230431852,-669157.9391015625),

(24301398,0,5,51,358,'Av. Bermúdez, Edif. 22, PB',NULL,'233.2143/2142 (0412)347.0555 (0412)347.0550',NULL,'ventas@hotelbermudez.com',102456.75604100125,-675937.3833192444),

(24301858,0,5,51,402,'Av. Bolívar, C. C. Pacífico Motor\'s, Local 11',NULL,'232.4342/7140 (0414)460.6725',NULL,'serviciosmcs@cantv.net',102471.98556656075,-675811.8022931671),

(24301911,0,5,82,0,'Av. Doctor Montoya, Parcela 52-B, Galpón Nº. 4','La Morita I','(0243)269.2533/7363',NULL,'ventas@supermateriales.com',102243.4030243276,-675421.0044396973),

(24301954,0,1,41,0,'Carretera Nacional, C. C. Sica Mar, PB, Local 6','.','342.1543/0225','342.0225','info@proing.com.ve',103715.53453810689,-661359.074973755);



-- --------------------------------------------------------

--
-- Table structure for table `distancias_ciudades`
--

INSERT INTO `distancias_ciudades` (`ciudad1`, `ciudad2`, `distancia_ciudades`) VALUES
('41', '44', 341),
('41', '51', 109),
('41', '53', 363),
('41', '55', 158),
('41', '56', 212),
('41', '57', 522),
('41', '58', 320),
('41', '59', 109),
('41', '60', 42),
('41', '62', 339),
('41', '67', 25),
('41', '70', 310),
('41', '71', 157),
('41', '74', 525),
('41', '75', 345),
('41', '77', 841),
('41', '78', 33),
('41', '80', 421),
('41', '81', 518),
('41', '82', 69),
('41', '83', 585),
('41', '85', 453),
('41', '91', 682),
('41', '90', 68),
('41', '98', 541),
('41', '100', 35),
('41', '103', 89),
('41', '106', 402),
('41', '107', 139),
('41', '111', 165),
('41', '114', 124),
('41', '121', 277),
('41', '138', 151),
('41', '152', 496),
('41', '153', 244),
('41', '174', 465),
('41', '204', 246),
('41', '230', 461),
('41', '234', 560),
('41', '240', 431),
('41', '242', 255),
('41', '262', 25),
('41', '273', 603),
('41', '275', 245),
('41', '286', 87),
('41', '323', 136),
('41', '332', 258),
('41', '387', 133),
('41', '398', 602),
('41', '403', 246),
('41', '425', 19),
('41', '443', 45),
('41', '41', 1),
('121', '41', 277),
('121', '44', 185),
('121', '48', 408),
('121', '51', 168),
('121', '53', 86),
('121', '55', 119),
('121', '56', 87),
('121', '57', 698),
('121', '58', 597),
('121', '59', 95),
('121', '60', 242),
('121', '62', 538),
('121', '67', 240),
('121', '70', 587),
('121', '71', 47),
('121', '74', 342),
('121', '75', 428),
('121', '77', 660),
('121', '78', 232),
('121', '80', 229),
('121', '81', 810),
('121', '82', 138),
('121', '83', 308),
('121', '85', 365),
('121', '90', 142),
('121', '91', 498),
('121', '98', 453),
('121', '100', 242),
('121', '103', 289),
('121', '106', 680),
('121', '107', 222),
('121', '111', 66),
('121', '114', 79),
('121', '121', 1),
('121', '138', 56),
('121', '152', 385),
('121', '153', 52),
('121', '174', 188),
('121', '204', 46),
('121', '230', 685),
('121', '234', 372),
('121', '240', 238),
('121', '242', 453),
('121', '262', 302),
('121', '273', 368),
('121', '275', 443),
('121', '286', 285),
('121', '323', 290),
('121', '332', 241),
('121', '387', 78),
('121', '398', 305),
('121', '403', 51),
('121', '425', 181),
('121', '443', 130);


-- --------------------------------------------------------

--
-- Table structure for table `distancias_estados`
--

INSERT INTO `distancias_estados` (`estado1`, `estado2`, `distancia_estados`) VALUES
('21', '21', 1),
('21', '14', 1),
('21', '1', 1),
('21', '5', 2),
('21', '11', 2),
('21', '3', 2),
('21', '8', 3),
('21', '9', 3),
('21', '22', 3),
('21', '6', 3),
('21', '7', 3),
('21', '15', 3),
('21', '18', 3),
('21', '10', 4),
('21', '17', 4),
('21', '12', 4),
('21', '20', 5),
('21', '23', 5),
('21', '13', 5),
('21', '19', 5),
('21', '16', 3),
('5', '21', 1),
('5', '1', 1),
('5', '5', 1),
('5', '14', 1),
('5', '11', 1),
('5', '3', 2),
('5', '8', 1),
('5', '9', 2),
('5', '22', 2),
('5', '6', 2),
('5', '7', 2),
('5', '15', 2),
('5', '18', 2),
('5', '10', 3),
('5', '17', 3),
('5', '12', 3),
('5', '20', 4),
('5', '23', 4),
('5', '13', 4),
('5', '19', 4),
('5', '16', 2),
('14', '21', 1),
('14', '1', 1),
('14', '5', 1),
('14', '14', 1),
('14', '11', 1),
('14', '3', 1),
('14', '8', 2),
('14', '9', 2),
('14', '22', 2),
('14', '6', 2),
('14', '7', 2),
('14', '15', 2),
('14', '18', 2),
('14', '10', 3),
('14', '17', 3),
('14', '12', 3),
('14', '20', 4),
('14', '23', 4),
('14', '13', 4),
('14', '19', 4),
('14', '16', 2),
('1', '1', 1),
('1', '14', 1),
('1', '5', 1),
('1', '21', 1),
('1', '8', 2),
('1', '11', 2),
('1', '3', 2),
('1', '9', 3),
('1', '22', 3),
('1', '6', 3),
('1', '7', 3),
('1', '15', 3),
('1', '18', 3),
('1', '16', 3),
('1', '17', 4),
('1', '12', 4),
('1', '10', 4),
('1', '20', 5),
('1', '23', 5),
('1', '13', 5),
('1', '19', 5);


-- --------------------------------------------------------

--
-- Table structure for table `distancias_urbanizaciones`
--

INSERT INTO `distancias_urbanizaciones` (`urb1`, `urb2`, `distancia_urbanizaciones`) VALUES
('162', '54', 11),
('162', '1310', 362),
('162', '24', 13),
('162', '4', 15),
('162', '22', 14),
('162', '73', 15),
('162', '296', 12),
('162', '1166', 111),
('162', '8', 17),
('162', '79', 20),
('162', '7', 17),
('162', '1374', 14),
('162', '314', 110),
('162', '21', 13),
('162', '1790', 14),
('162', '162', 1),
('162', '1391', 13),
('162', '14', 14),
('162', '404', 111),
('162', '289', 172),
('162', '13', 21),
('162', '80', 13),
('162', '1809', 160),
('162', '1382', 16),
('162', '402', 164),
('162', '69', 11),
('162', '1131', 111),
('162', '2976', 161),
('162', '1265', 170),
('162', '1849', 163),
('162', '1783', 14),
('162', '16', 12),
('162', '243', 169),
('162', '209', 170),
('162', '3239', 424),
('162', '2824', 105),
('162', '27', 15),
('162', '2133', 179),
('162', '74', 12),
('162', '181', 15),
('162', '59', 11),
('162', '241', 13),
('162', '41', 13),
('162', '1781', 11),
('162', '1684', 12),
('162', '1177', 110),
('162', '295', 11),
('162', '34', 13),
('162', '1196', 167),
('162', '358', 101),
('2824', '54', 119),
('2824', '1310', 258),
('2824', '24', 121),
('2824', '4', 113),
('2824', '22', 122),
('2824', '73', 112),
('2824', '296', 118),
('2824', '1166', 7),
('2824', '8', 125),
('2824', '79', 118),
('2824', '7', 125),
('2824', '1374', 122),
('2824', '314', 14),
('2824', '21', 120),
('2824', '1790', 122),
('2824', '162', 105),
('2824', '1391', 118),
('2824', '14', 122),
('2824', '404', 14),
('2824', '289', 57),
('2824', '13', 129),
('2824', '80', 117),
('2824', '1809', 67),
('2824', '1382', 118),
('2824', '402', 8),
('2824', '69', 118),
('2824', '1131', 7),
('2824', '2976', 54),
('2824', '1265', 65),
('2824', '1849', 112),
('2824', '1783', 117),
('2824', '16', 121),
('2824', '243', 63),
('2824', '209', 64),
('2824', '3239', 319),
('2824', '2824', 1),
('2824', '27', 124),
('2824', '2133', 74),
('2824', '74', 120),
('2824', '181', 113),
('2824', '59', 121),
('2824', '241', 64),
('2824', '41', 118),
('2824', '1781', 115),
('2824', '1684', 120),
('2824', '1177', 15),
('2824', '295', 119),
('2824', '34', 121),
('2824', '1196', 62),
('2824', '358', 12);


-- --------------------------------------------------------

--
-- Table structure for table `empresas`
--

INSERT INTO `empresas` (`codigoempresa`, `rif`, `web`, `nombreempresa`, `descripcionempresa`, `infoadicional`) VALUES

(21100802,'J-30250191-1','www.divida.com.ve','Divida Sistemas Modulares','Archivadores Móviles, Sillas Ejecutivas y Venta de Muebles para Oficina. Sillas de Ofina y Sillas Ejecutivas','El ámbito de la labor humana ha sufrido cambios radicales en las ultimas tres décadas, a tal punto que una imagen cualquiera de organizaciones de trabajo, de hace apenas quince años, nos suele dar la sensación de estar viendo la imagen de un pasado muy lejano, de aquellos extraños días en que se escribía con maquinas sin pantalla, y en los puestos de trabajo no existían ni ratones ni celulares, eso si, estábamos inundados por mares de papel. <br><br> Hoy las organizaciones - sean comerciales o no - sabemos que, la esencia de las transformaciones, esta en el cambio permanente de nuestros procesos, tecnologías, materiales etc. este dinamismo acelerado de las potencialidades del ser humano, exige una nueva relación con los espacios, materiales y herramientas, que nos ayuden en la adaptación constante de las necesidades y funciones de nuestros miembros, hoy una silla que nos permita trabajar de manera cómoda y saludable ergonómicamente es, más que un gasto, un factor de inversión, que permite aumentar de manera sensible nuestra productividad. Ambientes cálidos bien pensados, ahorran tiempo, simplifican procesos, estimulan la creatividad, pro actividad, redundando obviamente en mejores resultados.<br>	<br>Esa es nuestra vocación, reflexionar, ponderar, crear, diseñar fabricar y suministrar herramientas de trabajo útiles, amables, inteligentes y accesibles, para que nuestros clientes puedan desempeñarse cada vez con más éxito.<br><br>Divida Sistemas Modulares es una compañía avocada a crear soluciones que hagan más eficiente y productivo su espacio de trabajo, con la mejor relación calidad y precio del mercado.'),


(21420131,'J-30934890-6','www.intencol.com','Intencol CA','Materiales Electricos. Fabricación de Todo Tipo de Tableros Electricos NAB, NLAB, CDP, NHB, CCM. Tableros para Media Tensión, Tableros de Control, Cajas de Medición Norma Enelbar, Eleoccidente, Cadela. Distribución de Componentes Electricos de Baja y Media Tensión. Proyecto Eléctricos. Venta de Equipos y Materiales Electrónicos ',NULL),


(21423565,'J-08522961-2','www.dasem.com.ve','Publicidad Dasem CA','Gigantografias, Impresiones, Pendonería, Medios de Publicidad, Microperforado, Avisos de Neón, Luminosos, Vallas, Reflectivos, Rotulados, Señalización, Medios de Publicidad','Misión: Ofrecer soluciones efectivas. asertivas y rentables, en el ramo de medio exterior en Venezuela y Crentroamérica, brindando productos de impacto y calidad respaldados por politicas de alto perfil en servicio y atención al cliente. <br><br>Visión: Ser la empresa integral lider en el mercado de medios de comunicación en Venezuela y Centroamérica, ofertando soluciones en radio, prensa, televisión y exteriores, alacanzando los mayores estándares de calidad. contenido y servicio. <br><br>Valores: Respeto, Responsabilidad Social, Responsabilidad, Honestidad, Acertividad, Respaldo, Garantia, Seguridad.'),


(21423717,'J-31371609-0','www.ascensoresnardi.com','Ascensores Nardi','Venta y Asesoría Técnica de Ascensores. Fabricación de Partes y Piezas de Ascensores. Fabricación de Cabinas, Marcos, Puertas, Soportes, Bases de Máquina y Contrapeso. Fabricación de Montacamillas, Montacargas y Montaplatos. Instalación, Mantenimiento y Reparación de Ascensores. Venta de Partes y Piezas de Ascensores','Ascensores Nardi Ofrece una Gran Variedad de Cabinas, Tales como Residenciales, Comerciales, Panorámicas, Monta Camillas y Monta Cargas, Adaptándose a la Arquitectura del Edificio e Incorporando la Belleza Dinámica que su Diseño Requiere.'),

(21427526,'J-00362172-2','www.acegui.com','Publicaciones Acegui','Receptoria de Avisos. Avisos Clasificados, Combos El Universal, Agradecimientos, Aniversario de Fallecimiento, Obituarios Familiares, Obituarios no Familiares, Oraciones, Misas, Edictos, Convocatorias de Condominio, Licitaciones, Registro de Marca, Remitidos Oficiales, Balances Bancarios, Desplegados en General, Desplegados dentro de los Clasificados, Guía Laboral, Negocios, Servicios, Mercado de Trabajo',' - Avisos clasificados<br> - Combos El Universal<br> - Agradecimientos<br> - Aniversario de fallecimiento<br> - Obituarios familiares<br> - Obituarios no familiares<br> - Oraciones<br> - Misas<br> - Edictos<br> - Convocatorias de condominio<br> - Licitaciones<br> - Registro de Marca<br> - Remitidos oficiales<br> - Sapi<br> - Balances Bancarios<br> - Desplegados en general<br> - Desplegados dentro de los clasificados<br> - Guía Laboral<br> - Su Resuelve<br> - Negocios<br> - Servicios<br> - Mercado de trabajo<br><br>'),

(21428380,'J-29506526-4','www.gramaverde.com','100% Grama Verde','Grama Artificial, Suministro, Venta e Instalación de Grama Artificial para Uso Residencial, Urbanístico y Deportivo ','100% Grama Verde es una Empresa que suministra, Vende e Instala Grama Artificial para uso Residencial, Urbanístico y Deportivo con el Respaldo de un Producto de Alta Calidad y Resistencia.<br><br>*Nuestro Producto<br> <br> - Ahorro de Agua por no Hacer Falta el Riego. <br> - No hace Combustión. <br> - Calienta Solo 5% más que la Grama Natural. <br> - Se Reemplaza Fácilmente sólo el Pedazo que haya Sufrido un Daño. <br> - Garantía de 8 Años. <br> - Puede ser Colocado sobre Concreto o Directamente sobre el Terreno bien Compactado con Pendientes Mínimas hacia Canales de Desagüe según nuestro Asesoramiento. <br> - Color Verde que Viene en Varias Tonalidades con una Apariencia muy Real. <br> - Puede Utilizar su Césped todo el Año las 24 Horas al Día y para Cualquier Evento. <br> - No Necesita Mantenimiento, Herbicidas, Abonos y Disminuye la Cantidad de Insectos en la Zona.<br><br><a target=\"_blank\" href=\"http://www.facebook.com/pages/100 - Grama - Verde/134265713261793\">Visita nuestro facebook</a><br><a target=\"_blank\" href=\"http://twitter.com/#!/gramaverde\">Síguenos en twitter</a> '),

(21440979,'J-08501959-6','www.hierrofeca.net','Hierrofeca, Hierros y Ferreteria Criolla CA','Materiales de Construccion, Ferreterias, Cabillas, Vigas, Barras, Ángulos, Tubos Cuadrados y Redondos, Tubos Estructurales, Laminas de Acerolit, Láminas de Aluminio y Galvanizadas, Productos Asfalticos, Cemento, Pego, Yeso, Pinturas, Materiales de Construccion, Ferreterias','Es una red de tiendas de Ferretería y Materiales de Construcción fundada en Barquisimeto en el año de 1976. Trabajamos bajo las premisas de calidad y servicio y buenos precios, actualmente trabajamos con varias líneas entre las que podemos mencionar Materiales de Construcción, Herramientas, Plomería, Electricidad, Cerrajería, Pintura, Aceros y hogar, es en conclusión todo lo que su usted como cliente necesita. <br><br>Nuestros Productos: <br> 1. Ferretería <br> 2. Equipos <br> 3. Aluminios <br> 4. Aglomerados <br> 5. Pintura <br> 6. Materiales <br> 7. Cubiertas<br> 8. Pvc <br> 9. Acero<br><br>'),

(21449812,'J-30405696-6','www.alumfiltros.com','Alum Filtros Nacionales SA','Filtros de Aire Acondicionado, Campanas Domésticas. Venta de Purificadores de Aires en General','Fabricamos Filtros De Aire: <br> <br> Domestico - Comercial - Industrial<br> <br> - Aluminio Lavable. <br> - Fibra De Vidrio Y Cartón.<br> - Poliéster Y Cartón.<br> - Poliuretano Expandido<br> - Carbón Activado.<br> - Retención De Pinturas Y Grasas.<br> - Láminas De Aluminio Expandido.<br> - Distribuimos El Filtro De Alta <br> - Eficiencia Tipo Hepa<br><br>'),

(21451049,'J-30587436-0','www.unipowerservicios.com','Unipower Servicios CA (Avtek)','Venta, Soporte, Servicio Técnico y Distribución de Equipos Eléctricos y Electrónicos, Reguladores de Voltaje, Protectores, Supresores de la Marca Avtek','Nuestros Servicios<br><br>MANTENIMIENTO: correctivo y preventivo, reparación de equipos marca AVTEK en nuestro taller autorizado, el cual es atendido por los mejores profesionales del ramo<br><br>VERIFICACIÓN: de instalación y puesta en marcha de los equipos<br><br>ASESORIA TECNICA: Los mejores profesionales en el área.'),

(21970555,'J-31294846-9','www.serviace.com','Serviace','Servicios de Cobranza Automatizada para Ventas a Crédito con Descuento por Nómina a Trabajadores del Ministerio de Educación a Nivel Nacional','Serviace es una Empresa Dedicada a la Administración de Cobranzas para Ventas a Crédito Mediante Sistemas Automatizados de Cobro.<br><br>A través de Nuestra Plataforma, su Empresa puede Vender a Crédito a Trabajadores de Nuestros Organismos Afiliados con Descuento por Nómina o Descuento a su Cuenta Bancaria.<br><br>Hoy en día la Venta a Crédito Representa una Importante Alternativa de Compra, para Combatir la Inflación y a la vez es una Oportunidad para los Comercios de dar Movilidad a sus Inventarios y Ganar Clientes de baja Capacidad de Compra.<br>\n\n'),

(21970587,'J-31236529-3','www.phcreativo.com','Ph Creativo','Pancartas Tradicionales y Vallas Tensadas Pendones, Afiches y Sistemas de Exhibición Etiquetas Cortadas con Forma, Carteles y Señales en Plástico Rotulados para Tiendas y Vidrieras, Rotulado de Vehículos Corporativos, Letras Corpóreas en Diferentes Acabados, Exhibidores y Dummys Plásticos, Impresos Stands o Exhibidores Impresos\n','Impresión Digital<br>Pancartas Tradicionales Y Vallas Tensadas<br>Pendones, Afiches Y Sistemas De Exhibición<br>Etiquetas Cortadas Con Forma<br>Carteles Y Señales En Plástico<br>Rotulados Para Tiendas Y Vidrieras<br>Rotulado De Vehículos Corporativos<br>Letras Corpóreas En Diferentes Acabados<br>Exhibidores Y Dummys Plásticos Impresos<br>Stands O Exhibidores Impresos<br><a target=\"_blank\" href=\"http://www.facebook.com/groups/113646922037987/<br>\">Visite nuestro facebook</a> <br><a target=\"_blank\" href=\"http://www.twitter.com/PHCreativonline\">Síguenos en twitter</a> '),

(21971181,'J-31448211-4','www.suministrosfersi.com','Suministros Fersi CA','Materiales y Suministros para Oficinas. Papelería al Mayor y Detal, Bulto de Papel Carta y Oficio, Lomo Ancho, Sobre de Manila, Bolígrafos, Marcadores, Resaltadotes. Cartuchos, Tóner y Cintas para Impresoras. Sillas Presidenciales, Ejecutivas y Visitantes SAFA. Material de Limpieza en General','*Ofrecemos a Nuestros Clientes: <br><br> - Papelería: Bulto de Papel Carta y Oficio, Carpetas Marrón, Manila, Lomo Ancho, Sobres Manila, Engrapadoras, Bolígrafos, Cinta Plástica y de Embalar, Marcadores, Resaltadotes, Sumadoras, Bolígrafos, Útiles Escolares y todo en Papelería en General al Mayor y Detal.<br><br> - Consumibles: Tóner, Cartuchos y Cintas HP, Canon, Epson, Xerox, Samsung, Ricoh.<br> <br> - Artículos de Computación: Monitores, Impresoras, Routers, Ups, Pendrive, Redes.<br><br> - Mobiliario de Oficina: Sillas Presidenciales, Ejecutivas, Secretariales, Visitantes, de Cajero, Escritorios Modulares, Archivadores, Bibliotecas, Arturitos. Marca: SAFA.<br><br> - Materiales de Limpieza en General: La Empresa Realiza los Despachos Gratuitos en todo el Estado Aragua, Crédito (15) Días, Precio Especial para Revendedores.<br>\n\n'),

(21971182,'J-31032712-2','www.calatelecom.com.ve','Cala Telecom',' Redes LAN y WAN, Redes de Voz, Centrales Telefónicas TDM e IP, Telefonía IP (VoIP), Call Center, Mensajería Unificada. Redes de Datos, Estaciones de Trabajo (PCs), Servidores, Seguridad, Conectividad, VPNS. Integración de Voz, Video y Datos, Comunicaciones Unificadas, Seguridad de Redes, Software Antivirus, Seguridad para Casas y Oficinas. Productos de las Marcas: Avaya, Hp, Plantronics, Polycom, Inter - Vox, D - Link, Tripp - Lite, Kaspersky, Ceeco, Fhf, Senao, Anviz, Epygi','Quiénes Somos<br><br>Servicios Cala Telecom, C.A. se formó con la finalidad de ofrecer soluciones integrales en el área de Telecomunicaciones incluyendo Centrales Telefónicas Privadas, Contact Center, Mensajería Unificada, IVRs, Redes de Datos, Computación, Cableado Estructurado, Sistemas de Seguridad. <br><br>Nuestro principal objetivo es proveer una solución integral, desde la ingeniería, el diseño de la Red de datos (Cableado Estructurado bajo los Estándares), los Equipos Activos (Switches, Routers, Wireless), Equipos de Computación (Desktop, Servidores, Laptops), Central Telefónica (Digital, Hibrida, IP), Sistema de Seguridad Lógica (Firewall, Antivirus), Sistema de Seguridad Física (Alarma contra Robo, Control de Acceso, Cámaras, Video Vigilancia).<br> <br> Certificaciones: <br><br> - Certificación Design Specialist Nortel CS1000, Call Pilot, - Contact Center<br> - Certificación Design 3com<br> - Planificación y Control de Proyectos<br> - Certificación en Cableado Estructurado<br> - Certificación en Baterias Selladas de Recombinación de Gases<br> - Certificación en Canalizaciones Eléctricas Residenciales<br> - Certificación en Administración y Configuración TCP/IP, UNIX, NT SERVER<br> - Certificación en Análisis de Tráfico Telefónico<br> - Certificación en Diseño de Contact Center<br>Inventario<br><br>Disponemos de los siguientes productos en Inventario: <br><br> - Centrales Telefónicas Norstar Compacta Rls 7.1 capacidades 4x16, 8x16<br> - Centrales Telefónicas BCM50 Release 3.0 código NT9T6502<br> - Tarjetas de extensiones digitales Nortel código NT8D02HA<br> - Tarjetas de extensiones analógicas Nortel código NT8D09CA<br> - Tarjetas Troncales Digitales E1 códigos NTAK10DC, NT5D97AD<br> - Teléfonos Digitales Nortel modelo M3901, M3902, M3903, M3904, T7100, T7208, T7316E<br> - Teléfonos IP Nortel modelos 2002, 2004, 1120E, 1140E<br> - Teléfonos IP Polycom modelo SoundPoint IP 330<br> - Doorphone Norstar/BCM con controlador abrir puerta<br> - Centrales Panasonic códigos KX - TES824, KX - TEM824<br> - Teléfonos Panasonic códigos KX - T7730W, KX - TS500W<br> - Teléfonos Inalámbricos Panasonic KX - TG6111, KX - TG6121, KX - TG6122, KX - TG4611<br> - Teléfono Portero PANCODE modelo Piezo Keypad para abrir puerta mediante los tonos del teléfono para extensiones analógicas Panasonic o extensiones de cualquier Central Telefonica<br> - Sistema de Alarma de Robo para Casas o Oficinas Visonic PowerMax<br> - Auriculares Plantronics y Accesorios<br> <br>'),

(21975121,'J-31069243-2','www.bredys.com.ve','Bredys Equipamiento Alimentario','Venta de Equipos y Maquinaria para su Negocio, Asesoría Gratuita, Diseño y Remodelación de su Negocio, Diseño Gráfico e Imagen signumestudio.blogspot.com, Cocinas Industriales, Servicio Post - Venta, Mantenimiento de Equipos, Reparación a través de Nuestra Empresa Filial Servicios Técnicos','Alimentos Bredys C.A. es una empresa dedicada al equipamiento de panaderías, pastelerías, restaurantes, luncherías, hoteles, y demás negocios del ramo alimenticio.<br><br>Nuestra experiencia de más de 35 años en la asesoría de montajes de este tipo de comercios nos permite ofrecerle las mejores opciones que su negocio necesita dependiendo del tamaño del local y del presupuesto a invertir.<br><br>Nuestros servicios comprenden entre otros la asesoría gratuita, desarrollo del plano de su local, venta de equipos, diseño y montaje del negocio completo \"llave en mano\", remodelaciones de áreas específicas, diseño de imagen, etc.<br><br>Alimentos bredys comercializa la marca DIPAN dedicada a la fabricación de maquinaria para panadería y pastelería así como diversas marcas de reconocida trayectoria en el mercado y calidad garantizada.<br><br>Nuestro nivel de compromiso con los clientes es alto, somos aliados en el crecimiento de su negocio, por eso lo invitamos a conocernos.<br>\n\n\n'),

(21975303,'J-29565061-2','www.virginiasuiteshotel.com','Virginia Suites Hotel CA','Recepción, Suites, Lobby Bar, Restaurant, Hoteles, Salones para Eventos, Estacionamiento, Vigilancia ',NULL),(21975956,'J-29922405-7','www.acciongps.com','Accion Gps Sistema de Rastreo Satelital','GPS Tracker. Equipos y Sistemas de Localización. Sistemas de Información Geográfica. Soluciones de Vigilancia para Casas, Colegios, Oficinas, Depósitos. Sistema de Rastreo Satelital para Todo Tipo de Vehículos, Monitoreo y Control de Flotas, Sistema de Información Geográfica, Accesos a Portal WEB, Localización en Tiempo Real, Avisos de Geocercas, Historial de Recorridos',' Acción GPS<br>Sistema de Rastreo Satelital<br><br>Es una empresa que provee Servicios de Localización a través de un dispositivo electrónico que combina las tecnologías GSM (celular) y GPS (global position system) con Internet, permitiendo en forma ágil, económica y sencilla, el monitoreo y localización de vehículos en cualquier lugar donde exista cobertura celular.<br>Las 24 horas del día, los 365 días del año.<br>**Para Mayor Información**<br><br><a target=\"_blank\" href=\"http://twitter.com/#!/acciongps\">Síguenos</a> <br><br><a target=\"_blank\" href=\"http://www.facebook.com/acciongps\">Visítanos en Facebook</a> '),

(21976106,'J-29632801-3',NULL,'Liderclean Mantenimiento y Limpieza','Mantenimiento y Limpieza de Oficinas, Bancos, Clínicas, Hospitales, Centros Comerciales, Supermercados, Conjuntos Residenciales, Fábricas, Galpones, Aeropuertos, Colegios, Universidades. Mantenimiento de Áreas Verdes, Suministro de Materiales y Útiles de Limpieza y Todo lo Relacionado al Mantenimiento Integral de Edificaciones',NULL),

(21976407,'J-31229441-8','www.centronasa.com','Centro Preuniversitario Cep - Nasa','Cursos Preuniversitarios y Propedéuticos. Inscripciones Abiertas para Cursos de Iniciación Universitaria. Preparación para Evaluaciones Diagnósticas, Pruebas Nacionales, Nuevo Sistema de Admisión. Base para el Ingreso a la Universidad. Profesores Graduados Universitarios con Amplia Experiencia, Material de Apoyo Específico, Evaluaciones Continuas, Evaluaciones Modelos. Garantía de una Excelente Preparación. Alto Porcentaje de Admitidos en las Diferentes Universidades del País, Nivelación de Materias Secundarías y Universitarias','El Centro Preuniversitario CEP - NASA, es una organización educativa con más de diez años de experiencia que participa directamente en el desarrollo de la educación del país a través de la preparación de jóvenes con aspiraciones de ingresar a las universidades. Se dictan cursos de preparación para la presentación de las pruebas o evaluaciones diagnosticas, talleres de orientación vocacional, nivelaciones de bachillerato, universitarias, de todas las materias, pruebas simulacro, evaluaciones continuas y otros.<br>Las herramientas modernas y eficaces que adquirirás en este curso podrás aplicarlas en todos los exámenes para que obtengas los mejores resultados en las pruebas diagnosticas y así puedas ingresar fácilmente a las carreras y universidades elegidas.<br><br>Nuestros cursos están diseñados para una excelente preparación según las carreras y universidades a las que aspira a ingresar, para permitirles una excelente preparación base para el ingreso a las universidades. Ponemos mayor énfasis en realizar al estudiante el Test de Orientación Vocacional, para guiarlo en la carrera que más se adecua su vocación, personalidad, perfil, inclinación, habilidades y destrezas. De esta forma se contribuye al desarrollo del estudiante de sus aptitudes, destrezas y el logro de una adecuada selección de acuerdo a su vocación.'),

(21976574,'J-31714292-6',NULL,'Solochip de Venezuela CA','Venta y Distribución de Materia Prima para la Recarga y Regeneración de Cartucho de Toner, Venta de Chips para la recarga de Toner. ','Somos una empresa líder en el mercado venezolana especializada en la venta de chips para la recarga de tóner de las marcas: xerox, hp, lexmark, canon, samsung, delcop, epson etc. <br> <br>Además contamos con una amplia gama de productos tales como: cilindro, cuchilla de limpieza y dosificadora, pcr, rodillo magnéticos, polvo de toner monocromático y de color en diferentes presentaciones. <br><br><a target=\"_blank\" href=\"http://www.twitter.com/solochip\">Visítanos en Twitter</a> <br>'),

(21976612,'J-29399046-7','www.horusgrp.com','Horus Grp CA','Gerenciamos Soluciones Globales para su Protección, Cursos Manejo Seguro y Seguridad, Curso Básico Protección de Personalidades, Curso de Combate contra Incendio. Seguridad Ocupacional. Consultoría, Asesoría, Seguridad. Camaras de Seguridad','Misión<br> <br>Proporcionar soluciones integrales en el manejo y la prevención de riesgos orientadas a la <br>protección de personas, instalaciones, información, continuidad operacional y reputación de<br>nuestros aliados estratégicos.<br><br>Visión<br><br>Ser reconocidos en el mercado nacional e internacional como una empresa líder en la<br>provisión de soluciones integrales, coherentes y eficaces, destinadas a la prevención y gestión de riesgos, a través de la asesoría de personal altamente calificado y recursos<br>tecnológicos de avanzada para satisfacer las necesidades del mercado de la región CentroAmérica, Suramérica y países de El Caribe.<br><br> Valores<br><br>Profesionalismo: <br><br>Nuestro desempeño debe de estar signado por la ética, la honestidad y el interés por la<br>auto - capacitación académica.<br><br>Trabajo en Equipo: <br><br>La calidez, vocación y compromiso es la filosofía que define nuestro comportamientointerpersonal, lo cual define respuestas que generan soluciones a nuestros cliente internos y externos.<br><a target=\"_blank\" href=\"http://twitter.com/horusgerencia\">Síguenos en Twitter</a> <br><a target=\"_blank\" href=\"http://www.facebook.com/#!/profile.php?id=100001195653805\">Visite nuestro Facebook</a> '),

(21976658,'J-30159982-9','www.academiadedeportes.com','Ac Academia de Deportes Wagner','Cursos de Natación, Danza, Modelaje, Programas Escolares, Aerobics, Karate','* La Academia de Deportes está conformada por un grupo de profesionales, con una experiencia de más de 20 años en el área de Natación y otros deportes como: Karate - Do, Tae - Kwon - Do. <br>* En la Academia también se practican otras actividades como: Danza Integral y Modelaje. Ofrecemos a su vez, el PROGRAMA DE NATACIÓN para los colegios y pre - escolares que deseen inscribirse, así como también el PROGRAMA VACACIONAL en los meses de Julio y Agosto.<br><br>*Sus instalaciones incluyen una piscina semi - olímpica con agua climatizada (30°C) y excelentes controles de higiene (anti - hongos y bacterias). Un tobogán con un diseño que lo hace el mas rápido y divertido de Caracas. Una mini piscina para la adaptación de los niños; contamos también con un salón de usos multiples. <br><br>*Visítenos en la Av. Rómulo Gallegos entre los Ruices y Boleita. Centro Juvenil Don Bosco área de piscina, donde será atendido por personal calificado<br><br>***SATISFACCIÓN GARANTIZADA O DEVOLUCIÓN DE SU DINERO***<br>!!!EXCELENCIA EN SERVICIO!!! <br><br><a target=\"_blank\" href=\"http://www.hs.facebook.com/pages/Academia - de - Deportes/137183766353184\">Visítenos en Facebook</a> '),

(21976723,'J-29546439-8','www.geotrans.com.ve','Geo - Trans de Venezuela CA','Servicios de Transporte de Carga Liviana y Mediana en el Territorio Venezolano, Servicio de Operadores Logísticos y Asesores en Canales de Distribución para la Pequeña y Mediana Empresa',' Empresa especializada en Transporte, Logística y Procura, con más de cuatro años de experiencia y operaciones en todo el territorio nacional.<br><br>Nuestro objetivo es proporcionar soluciones a lo largo de toda la cadena de suministro, de manera eficiente y optimizando la operación de nuestros clientes para satisfacer sus necesidades y expectativas.<br>Nuestra filosofía de trabajo es la responsabilidad, altos estándares de calidad y seguridad para nuestros clientes y empleado'),(21977016,'J-29428511-2',NULL,'Inyeccion Mendoza CA','Reparación de Bombas de Inyección, Inyectores y Turbos para Todo Tipo de Motores Diesel. De las Marcas: Hyundai, Toyota, Mitsubishi, Mercedes - Benz, John Deere, Mack, Isuzu, Jac',NULL),

(21977157,'J-31184564-0','www.veterinariamanantiales.com','Servicios Veterinarios los Manantiales','Clínica Veterinaria, Consulta General, Cardiología, Vacunas, Rayos X, Ultrasonido, Hospitalización, Exámenes de Laboratorio, Perfiles Hormonales, Pensión, Peluquería y Venta de Medicina ','Servicio Veterinario Los Manantiales, es una clínica veterinaria en la cual nos esmeramos en ofrecer un trato personalizado, con altos estándares de calidad, a fin de mantener la salud de sus mascotas.<br><br> Consultas generales, vacunaciones y desparasitaciones: <br>Ofrecemos consultas generales para la prevención y diagnósticos de todo tipo de enfermedades en caninos y felinos.<br><br>Cardiología: <br>Evaluación cardiológica especializada por el Doctor Carlos Sandrea, donde se incluye medidas cardiológicas a través de la eco cardiografía y electrocardiomiografia.<br><br>Laboratorio: <br>Contamos con equipos de alta precisión calibrados para pruebas en clínicas veterinarias como: Hematologías, Perfiles Bioquímicos, Perfiles Hormonales, pruebas rápidas de descartes de enfermedades infecciosas y parasitarias.<br><br>Cirugías: <br>Realizamos todo tipo de cirugías de tejidos óseos o blandos. Nuestro quirófano cuenta con anestesia inhalatoria, monitores de presión multiparametro y apnea, bomba de calentamiento, bomba de infusión.<br>Limpiezas Dentales con cavitron.<br><br>Imagenologia: <br>Disponemos de equipo de rayos X, para el diagnostico de enfermedades óseas (displasia de caderas, luxación de patela, hernias discales, fracturas, etc.) y Ecosonografia para diagnostico de preñez temprana y enfermedades de tejidos blandos (Piometras, Tumores abdominales, Ascitis, Enfermedades cardiacas, etc.)<br><br>Hospitalización: <br>Nuestras instalaciones están adaptadas para la atención de pacientes enfermos y en recuperación postquirúrgica. Además de un staff con suficiente experiencia para ofrecer este servicio.<br><br>Pensión: <br>Nuestras instalaciones y nuestro staff ofrecen un ambiente cariñoso y familiar, donde su mascota puede estar a nuestro cuidado mientras usted está fuera de la ciudad o así lo necesite.<br><br>Baños: <br>Tenemos un personal que se esmera en el aseo y estética de mascotas para su entera satisfacción.<br><br>Taxi mascota: <br>Para su comodidad disponemos del servicio de transporte de mascotas desde aéreas circunvecinas a nuestra clínica u otras localidades.<br><br>Otros servicios: <br>Trámites para viajes<br>Venta de medicinas.<br>Disposición de cadáveres (incineración).<br>'),

(21977330,'J-31365603-8',NULL,'Graficas Matiz CA','Imprentas, Impresiones, Encuadernación de Libros y Revistas, Doblado de Pliegos, Dípticos, Trípticos, Engrapado a Caballo, Encolado a Lomo Cuadrado, Troquelado, Signado, Refilado, Volantes Publicitarios, y Litografias, Encartes, Afiches, Impresión por Millar, Formas Continúas',NULL),(21977339,'J-29430877-5','www.seguridadindustrial.net.ve','Corporacion Gps 176 CA','Seguridad Industrial, Protección para la Cabeza, Protección Facial, Uniformes, Limpieza, Seguridad Vial, Protección Corporal ','SU GRAN PROVEEDOR DE SEGURIDAD INDUSTRIAL: <br><br>*PROTECCIÓN FACIAL<br><br>*PROTECCIÓN AUDITIVA<br><br>*PROTECCION RESPIRATORIA<br><br>*PROTECCION CORPORAL<br><br>*PROTECCION PARA LAS MANOS<br><br>*UNIFORMES<br><br>*SEGURIDAD VIAL<br><br>*DESCARTABLES<br>\n'),

(21977693,'J-31622872-0',NULL,'Segullan','Servicios de Vigilancia Privada para Empresas, Centros Comerciales, Residencias, Eventos Especiales, Supervisión Constante','Seguridad Los Llanos\n\n'),(21977801,'J-31498378-4',NULL,'Inversiones Supply Import CA','Venta de Fotocopiadoras, Impresoras, Servicio Técnico, Consumibles, Repuestos, Tintas, Tóner, Papelería al Mayor y Detal ','Somos una empresa dedicada a ofrecerles un servicio de calidad en ventas de fotocopiadoras y equipos para su centro fotocopiado como guillotinas, plastificadoras y encuadernadoras, consumibles canon garantizados, y el mejor servicio técnico para sus equipos. Además tenemos gran variedad de cartuchos HP originales y genéricos Premium de excelente calidad. Todo esto con la mejor atención y los mejores precios.'),(21978217,'J-31468454-0',NULL,'Natural es Mejor CA','Venta de Productos Naturales, Nacionales e Importados para Deportistas, Adelgazar, Diabetes, Cálculos Renales y Climaterio',NULL),

(21978265,'J-29860490-5','www.serviciosservifeca.com','Servicios Servifeca CA','Alquiler de Maquinarias para la Construcción, Compresores, Martillos Eléctricos, Martillos Neumáticos, Ranas, Vibradores de Concreto, Bombas de Achique, Luminarias','Misión: <br><br>La misión de nuestra compañía es prestar un servicio de punta, donde todos nuestros clientes desde el pequeño, mediano y grande empresario se sientan conformes con la calidad de nuestros servicios. Nos enfocamos en un mejoramiento continuo, que va desde la adquisición de nuevas y modernas unidades, que se mantengan a la vanguardia del cambiante mundo de la construcción, hasta la preparación especializada para brindarle un trabajo a la altura de sus expectativas. <br><br>Nos especializamos en: <br><br> - Alquier de equipos<br> - Proyectos de ingeniería<br> - Ejecución de obras civiles<br> - Instalaciones mecánicas<br> - Nuevo servicio medio pre - ingreso para empresas contratistas<br>'),

(21978365,'J-31702769-8',NULL,'Fumigaciones Empresas Mol','Control Prefesional de Todo Tipo de Plagas, Fumigaciones, Servicios de Fumigacion ','Empresa líder fortificadora de la salubridad venezolana en materia de control de plagas urbanas.<br><br>Fumigación y control de todas aquellas especies animales que transmitan enfermedades infecciosas para el hombre y cause el deterioro del ambiente urbano. <br><br>Nuestros Servicios: <br><br> - Inspección.<br> - Identificación. <br> - Saneamiento.<br> - Métodos de Exclusión.<br> - Reducción de la población<br> - Control Ecológico y Químico.<br><br>Nuestros Productos: <br><br> - Inyectadoras de Gel.<br> - Asperjadoras Manuales.<br> - Trampas y productos para Desratización.<br> - Termo - Nebulización.<br><a target=\"_blank\" href=\"http://twitter.com/#!/pestcontrolmol\">Síguenos en twitter</a> <br><br><a target=\"_blank\" href=\"http://www.facebook.com/EmpresasMolPestcontrol\">Visítenos en Facebook</a> '),

(21978400,'J-29906597-8',NULL,'Seguridad Ore CA','Servicio de Vigilancia Privada, Vigilantes',NULL),(21978469,'J-29907709-7',NULL,'Alltech - Mayoristas de Computacion','Mayoristas de Computacion, Accesorios, Celulares, Cámaras, Televisores LCD ',NULL),

(21978549,'J-31721319-0','www.universityeducare.com.ve','University Educare CA','Alquiler de Salones para Capacitacion, Cursos, Talleres, Seminarios, Diplomados y Postgrado. Consultoria, Asesoría, Seguridad. Alquiler de Salones para Capacitacion y Adiestramiento ','Objetivos<br>Somos una Institución sin fines de lucro cuyo propósito fundamental es capacitar a través de cursos, talleres y propuestas universitarias al personal de las organizaciones, al igual que brindar asesorías y consultorías en el medio empresarial y organizacional.<br><br>Visión<br>Atender las necesidades de formación general, consultorías y asesorías en las distintas áreas del desarrollo y de los servicios, mediante la implementación de planes y proyectos propios o de otros, realizados en asociación estratégica con Universidades y Organizaciones gubernamentales y no gubernamentales, públicas o privadas.<br><br>Misión<br>Elaborar ofertas de formación general, consultorías y asesorías para ayudar a las organizaciones gubernamentales y no gubernamentales, públicas o privadas a cumplir con sus metas, mediante el desempeño eficiente y ético de su personal en el ejercicio de sus labores.'),

(21978770,'J-31723010-8',NULL,'Materiales Electricos Gozmar Soluciones CA','Venta de Materiales Electricos e Iluminación en General al Mayor y Detal ',NULL),

(21978787,'J-31694798-0',NULL,'Azul Fiesta CA','Organización de Todo Tipo de Evento Social, Festejo y Decoraciones, Flores y Muebles, Agencia de Festejos',NULL),

(21978819,'J-29862278-4','www.teknomadera.com.ve','Teknomaderas Guarenas CA','Fábrica de Machihembrado de Pino Natural y Preservado, Decks para Exteriores, Decks Tile, Vigas de Madera, Pisos de Madera, Maderas para la Construcción, Cuartones: Tableros y Tablas. Venta e Instalacion de Puertas de Madera, Machihembrados y Chapillas','Grupo Teknomaderas es una compañía dedicada a la comercialización de madera en diferentes presentaciones (tablas, tablones, cuartones, tableros, vigas, etc.), al mayor y detal, tanto para su empleo en proyectos de construcción como para su uso en trabajos del hogar.'),

(21978937,'J-29945549-0','www.uim.com.ve','Unidad de Imagenologia Medica Uim CA','Control Ginecológico. Obstétrico. Eco Obstétrico Malformaciones Congénitas. Eco Obstétrico Morfológico. Abdominal, Riñones, Vejiga, Cuello, Mamas, Pie Diabético, Doppler Renal, Doppler Ginecológico, Doppler (Duplex) Arterial, Doppler (Duplex) Venoso, Pene, Testículo. Estructuras Superficiales, Doppler Estructuras Superficiales, Próstata, Tiroides, Articular - Músculos - Tendones. Disfunción Eréctil, Doppler Carótidas, Doppler Testicular, Doppler de Mamas. Biopsias Ecoguiadas','<a target=\"_blank\" href=\"http://twitter.com/#!/imagenologia\">Síguenos en twitter</a> <br><br>UIM, Unidad de imagenología médica.<br>Información general<br><br>Exámenes y estudios: <br><br> - Ginecológico. Obstétrico. <br> - Eco obstétrico malformaciones congénitas.<br> - Eco obstétrico morfológico. <br>Abdominal. <br> - Riñones. <br> - Vejiga. <br> - Cuello. <br> - Mamas. <br> - Pie diabético. <br> - Doppler renal. <br> - Doppler Ginecológico. <br> - Doppler (Duplex) arterial. <br> - Doppler (Duplex) venoso. <br> - Pene. <br> - Testículo. <br> - Estructuras superficiales. <br> - Doppler estructuras superficiales. <br> - Próstata. <br> - Tiroides. <br> - Articular - Músculos - Tendones. <br> - Disfunción eréctil. <br> - Doppler carótidas. <br> - Doppler testicular. <br> - Doppler de mamas.<br> - Biopsias ecoguiadas ... <br><br>Nuestro equipo de trabajo consta de profesionales en diversas áreas en constante actualización y entrenamiento.<br><br> - Dr. Pedro Manuel Vegas Montserrat<br> - Médico Cirujano - Universidad Central de Venezuela<br> - Director Médico UIM Imagenología<br> - Ultrasonido integral IVUM<br> - Evaluación Doppler - Ecográfica oncológica<br> - Ultrasonido Microinvasivo<br><br>Dr. Simón Ruiz<br>Médico Cirujano <br>Cirugía General - Cirugía laparoscópica - Obstetricia - Ginecología <br>Ultrasonido obstétrico - ginecológico - Ultrasonido microinvasivo (UIM)<br>Medicina Natural<br><br>Dra. Diamelys Margarita Rosales Nava<br><br>Médico Cirujano - Universidad del Zulia<br>Obstetricia Ginecología Maternidad Concepción Palacios<br>Ultrasonido obstétrico - ginecológico<br>Ultrasonido microinvasivo (UIM)<br>Dr. Edwin Ross<br><br>Médico Cirujano - Universidad de los Andes<br>Anatomía Patológica - Universidad Central de Venezuela<br><br>Lic. Alba Ugas<br><br>Licenciada en Contaduría Pública - Universidad Central de Venezuela<br>Directora Administrativa (UIM)<br>'),

(21979044,'J-31768180-0','www.aepiservicios.com','Aepi Bombas de Agua E Hidroneumaticos','Diseño, Instalación y Mantenimiento de Sistemas de Bombeo. Sistemas\nHidroneumáticos, Presión Constante, Aguas Residuales, Tableros Eléctricos y Electrónicos, Tuberías, Automatización de Sistemas, Piscinas Temperadas. Servicio al Sector Residencial, Comercial e Industrial. Asesoría y Visita Técnica. Racionamiento Inteligente del Tanque de su Edificio ','Automatización, Instalación y Mantenimiento de Sistemas Hidroneumáticos.<br><br> - Proteja sus instalaciones y<br> - Equipos de problemas eléctricos.<br> - Logre ahorrar energía.<br> - Garantice el Racionamiento<br>y Suministro de Agua de su Edificio.<br> - Garantice el temperado de Piscinas.<br> - Logre los mejores precios<br>en suministro de equipos y mantenimiento<br><br>Nuevo Tablero Electrónico para control total del sistema de bombeo: 2, 3, 4 bombas, racionamiento del tanque con horario preestablecido, <br>niveles de agua, Presión de línea, visualización de eventos, no requiere programación en campo, fácil de instalar y alta confiabilidad.<br><br>'),

(21979099,'J-29850142-1',NULL,'Corporacion Samana','Venta y Distribución de Materiales de la Línea Kendall y Argyle. Especiales para la Cura de Quemaduras, Várices. Material Medico Quirurgico. Clinicas',NULL),

(21979175,'J-31764833-1',NULL,'Millenium X012 Publicidad CA','Venta de Franelas, Chemises. Confección de Chemises, Franelas, Camisas y Chaquetas Publicitarias',NULL),


(21979235,'J-31024642-4','www.corpsobreruedas.com','Corporacion sobre Ruedas','Alquiler de Vehiculos en Caracas, Margarita ','Corporación Sobre Ruedas C.A<br><br>Es una empresa de Alquiler de Vehículos, con y sin chofer, cuya flota está conformada por lo últimos modelos y las mejores marcas de vehículos tipo sedán, camionetas, vans, y hasta pick - ups de carga; todos ellos proporcionando confort y economía.<br><br>Ventajas<br><br>Reservaciones por e - mail, línea de crédito corporativo, servicios y seguros premium, facilidades de pagos, tarifas corporativas para todos sus clientes, éstas entre muchas otras ventajas.<br><br>Corporativo<br><br>Con tan solo una orden de servicio emitida por su empresa, le otorgamos una tarifa corporativa con un descuento significativo con respecto a nuestras tarifas de mostrador.'),

(21979352,'J-40009251-5','www.veneoffice.com','Veneoffice CA',' Muebles de Oficina en Maracay. Ventas al Mayor y Detal de Escritorios, Sillas Ejecutivas, Bibliotecas, Archivadores, Sofás y Mobiliarios para Cafetería.','Distribuidores de las Marcas más Prestigiosas del Mercado. Tenemos Sillas Ejecutivas, Presidenciales y Visitante, Tandem de diferentes modelos y calidades, Arturitos, Flipper o Gabinetes Aéreos, Bibliotecas, Telefoneras, Escritorios, Estaciones de Trabajo para Dos Personas y para Cuatro Personas, Módulos de Recepción, Mesas de Conferencia, Mesas de Computadora, Mesas para Tv, Sillas Multifuncionales, Sofás, Pupitres, Lockers, Sillas de Cafetería y Comedores, Mesas de Cafetería. Visitamos a las Empresas y ofrecemos la mejor opción acorde a sus necesidades, tenemos más de 400 mts2 de exhibición con WI - FI.'),

(21979359,'J-29923493-1','www.payarashop.com','Payara Shop','Venta de Articulos para la Pesca Deportiva, Ferretería Marina y Accesorios en General. Articulos de Camping, Caza y Pesca',NULL),

(21979362,'J-31418451-2','www.ofisalud.com.ve','Ofisalud CA','Medicina Ocupacional, Laboratorio, Radiología, Audiometría, Espirometria, Electrocardiograma. Servicio de Exámenes de Preempleo, Prevacacionales, Postvacacionales, de Egreso','Quienes Somos<br><br>Somos una empresa que nace para brindar servicio y asesoría en materia de Salud Ocupacional y llenar la impresionante demanda que está teniendo dicho servicio dentro de la actividad laboral y/o industrial, como consecuencia, de todos los cambios que en materia de salud, seguridad y ambiente ha implementado el Estado a través de la LEY ORGANICA DE PREVENCION, CONDICIONES Y MEDIO AMBIENTE DEL TRABAJO (Lopcymat), su Reglamento y la novísimas Normas Técnicas publicadas durante el año 2009.<br><br>Las organizaciones deben tener una estrategia con mucha visión para la creación, mejoramiento, cambio, administración y sobre todo seguimiento de los servicios de salud en el trabajo. La mejor manera de llevarla a cabo es PREVENIR, y se previene educando, capacitando y paralelamente implantado controles que permitan disminuir los riesgos inherentes a los procesos productivos y por ende la disminución de su tasa de accidentes laborales y/o enfermedades ocupacionales, preservando el capital más importante: el humano y colateralmente disminuyendo los altos costos involucrados.<br><br>Mision<br>Brindar soluciones en salud ocupacional, con personal especializado, infraestructura propia y tecnología de avanzada, permitiendo a las empresas enfocar sus esfuerzos en sus productos, delegando en nosotros la responsabilidad de la salud de sus trabajadores y todo lo concerniente a la salud ocupacional de sus organizaciones.<br><br>Vision<br>Posicionarnos como la principal empresa de salud ocupacional de la región y del país basándonos en el reconocimiento y la satisfacción de las necesidades de nuestros clientes, con la más alta calidad y cobertura de servicios, para lo cual contamos con excelentes profesionales, amplia infraestructura y tecnología de punta'),

(21979487,'J-31145641-4',NULL,'Terraset CA','Venta al Detal y al Mayor de Ropa, Calzado y Accesorios para Damas y Caballeros, Deportivo y Casual. Blue Jeans','TERRASET; C.A Es una tienda dedicada a la venta al detal y al mayor de Ropa deportiva y casual, Zapatos y Accesorios para dama y caballero. Trabajamos con marcas reconocidas a nivel nacional e internacional, tales como: Levi´s, Wrangler, New Horse, Dabiani, Tango, Beethoven, No limit, Rs21, New Balance, Converse, Keds, Martucci, Anto, Jump, Victoria´s Secret, Bath & Body Works, entre otros.<br>En Terraset encontraras la mejor atención personalizada, una amplia gama de productos de calidad a los mejores precios del mercado.<br>Puedes contactarnos a través de nuestro Twitter: <br><a target=\"_blank\" href=\"http://www.twitter.com/terrasetvzla\">Twitter</a> <br><br><a target=\"_blank\" href=\"http://www.facebook.com/TERRASET.C.A\">Facebook</a> <br><br>Horario: Lunes a Sábado de 9.30 p.m a 12.30 p.m y de 1.30p.m a 7.00 p.m '),

(21979500,'J-29580434-2',NULL,'Ivc Identidad Visual Corporativa','Implementos de Seguridad Industrial, Botas, Jeans Triple Costura, Cascos, Guantes, Lentes, Protectores Auditivos. Botas de Seguridad',NULL),

(21979861,'J-31722841-3','www.sgi.com.ve','Sgi Servicios Global de Impresión C.a','Venta de Impresoras Epson, Tintas, Papel Fotográfico, Material para Sublimación, Tazas, Papel para Sublimación, Tinta para Sublimación, Tinta Comestible y Papel para Repostería, Sistemas Continuos, Envases Plásticos, Instalación de Sistemas Continuos. Estudio Fotografico. Recarga de Tintas, Toner y Cartuchos','SGI SERVICIOS GLOBAL DE IMPRESIÓN C.A Ofrece productos de calidad a precio justo, gran variedad de impresoras Epson, sistemas continuos, tintas y cartuchos de gran calidad, gran surtido en papel fotográfico a excelentes precios, técnicos de gran experiencia en el ramo de la reparación de impresoras EPSON y HP, repuestos para impresoras HP INJET, Tintas comestibles para repostería, papel de arroz y azúcar, impresoras con consumibles para la impresión en papeles comestibles, todo pensado en su satisfacción, productos de calidad a los mejores precios.<br>Comience hoy su negocio de sublimación, El Negocio Del Momento, nosotros tenemos el producto, trabaja de forma independiente.<br>'),

(22100227,'J-07543215-0','www.infocent.com.ve','Infocent CA','Desarrollo e Implementación de Software, Sistema de Personal Integrado (SPI) para el Manejo de Personal y Servicio de Outsourcing en el Área de Nómina','Infocent es una compañía venezolana fundada en 1985 dedicada a ofrecer soluciones integrales para el manejo de personal, formada por profesionales con la experiencia y conocimientos necesarios para darle respuesta inmediata a sus necesidades.<br> <br>La organización esta orientada al servicio de nuestros clientes, garantizando los más altos niveles de calidad, seguridad y confiabilidad, combinando experiencia empresarial y conocimientos técnicos; siempre atentos a los cambios tecnológicos que nos permitan ofrecerle una mejora continua y sobrepasar sus expectativas.<br><br>Infocent, C.A. ocupa actualmente el primer lugar en ventas en el mercado venezolano, con más de 300 clientes de variados tamaños y sectores, distribuidos en toda Venezuela y Latinoamérica.<br><br><br><br>\n\n\n'),

(22101424,'J-00065282-1','www.omega.com.ve','Agencia de Viajes Omega CA','Empresa de Viajes y Turismo. Eventos (Convenciones/Incentivos) y Turismo (Leisure /Grupos/ Viajes de Graduación). Agencias de Viajes','Viajes Omega es una empresa de amplia experiencia en el campo de Viajes y Turismo, que por más de 41 años ha hecho realidad los sueños turísticos de personas y grupos, en sus recorridos por el mundo.<br><br>Nos encontramos dentro de las 4 primeras agencias del país en el año 2009, desplazándonos 2 puestos hacia arriba (6to lugar en el 2008), según el Ranking oficial emitido por la IATA (International Air Transport Association). Este crecimiento en un año de muchas dificultades, confirma el nivel de atención que brindamos a cada uno de nuestros clientes, razón que nos hace sentir orgullosos y que nos impulsa a continuar brindando un servicio personalizado según los requerimientos de cada uno de nuestros aliados comerciales<br><br>El equipo de Viajes Omega lo conformamos profesionales altamente especializados, que brindamos un servicio integral a nuestros clientes, en las áreas Corporativas, Eventos (Convenciones/Incentivos) y Turismo (Leisure /Grupos/ Viajes de Graduación). En la actualidad somos 125 colaboradores, con un crecimiento interanual superior a la tendencia del mercado.<br><br>Tenemos una oficina principal ubicada en Caracas, 5 sucursales de venta y asistencia al pasajero en Maiquetía, Maracaibo, Maturín, Barcelona y Puerto Ordaz.<br><br>VISIÓN: <br><br>Ser la agencia de viajes con el mayor estándar de servicio y atención al cliente del país. Que supere las expectativas de los accionistas, impulse el crecimiento de sus aliados de negocios y relacionados comerciales, en medio de un ambiente laboral agradable, con un talento humano capacitado y motivado.<br><br>MISIÓN: <br><br>Damos una atención superior a nuestra clientela, mediante el continuo mejoramiento del servicio, brindando una asesoría adecuada a sus requerimientos y haciendo que nuestros clientes obtengan los mayores beneficios y/o ahorros posibles en su inversión de viajes. Desarrollamos nuestra operación en un ambiente de trabajo agradable, donde los colaboradores se sienten comprometidos, contando con el apoyo necesario en sus planes de carrera, con capacitación y la mejor y mayor remuneración del mercado. Impulsamos una excelente relación con nuestros proveedores y accionistas, generando confianza y las bases necesarias para diseñar nuevos destinos, lo que contribuye al desarrollo y crecimiento del sector turismo en Venezuela.'),

(22102567,'J-30843383-7','www.vidrioprotect.com','Vidrio Protect Vip CA','Laminados de Seguridad para Vidrios Arquitectónico y Vehículo, Películas de Control Solar (Papel Ahumado) y Decorativas, Blindaje Ligero para Vehículos, Vinil, Viniles y Esmerilados, Cintas Antirresbalantes. Distribución e Instalación','Laminados de seguridad para vidrios<br>Películas de control solar y decorativas<br>Blindaje ligero para vehículos<br>Películas de CS en vehículos<br>Acabados arquitectónicos autoadhesivos 3M DI - NOC<br>Cintas antirresbalantes 3M<br>Distribución e instalación <br>'),

(22103495,'J-00334299-8','www.mavempa.com','Mavempa','Fábrica de Uniformes Industriales, Colegiales, Supervisores, Laboratorios','Somos una Empresa del ramo Textil de la Confección con 45 de Experiencia en el Mercado Nacional Dedicada a la Fabricación de Uniformes en General, Orientando sus Esfuerzos de Ventas para las Industrias, Mayoristas y Detallistas. La Empresa se Especializa en Uniformes Industriales, de Laboratorio, Hoteleros, Colegiales de Imagen. Durante este Tiempo se han atendido a las más Prestigiosas Empresas del Ámbito Nacional, Produciendo y Diseñando Soluciones para cada una de sus Necesidades. \n'),

(22104618,'J-00240757-3','www.sica.com.ve','Comercial Sica Mar CA','Sicamar: Distribuidores de Cabillas, Vigas, Ángulos, Platinas, Mallas, Tubos Estructurales, Laminas para Techos, Materiales de Construccion, Venta de Cemento, Cerámicas y Sanitarios, Materiales Eléctricos y de Ferretería, Bombas y Equipos Hidroneumáticos. Fabrica de Bloques y Placas Prefabricadas al Mayor y Detal, Laminas de Zinc, Materiales para la Construccion','*Distribuidores de: <br><br> - Cabillas<br> - Vigas<br> - Ángulos<br> - Pletinas<br> - Mallas<br> - Tubos Estructurales<br> - Láminas para Techos de Todos los Tipos<br> - Láminas de Hierro y Todo para el Herrero<br> - Asfalto de Todos los Tipos<br> - Cemento<br> - Cerámicas y Sanitarios<br><br>*Ofrecemos: <br><br> - Materiales Eléctricos y de Ferretería<br> - Bombas y Equipos Hidroneumáticos<br> - Mueblería en General<br> - Maquinaria para la Agricultura y Jardinería<br><br>*Fábrica de: <br><br> - Bloques y Placas de Todas las Formas y Medidas<br><br>** Emails ** <br>info@sica.com.ve<br>sicamarca@cantv.net<br>giovannisica@sica.com.ve<br>beszoviasica@sica.com.ve<br>\n\n'),

(22105503,'J-30957524-4','www.topsmodels.com.ve','Agencia Top\'s Models Group','Agencia de Modelaje. Servicios de Modelos, Anfitrionas, Protocolo, Promotoras e Impulsadoras, Promoción e Impulso de Ventas, Sondeo, Encuestas, Barridas y Volanteos, Gestión y Desarrollo de Planes de Mercadeo, Organización de Eventos, Diseño y Confección de Uniformes, Seguridad para Eventos, Espectáculos Masivos y Sociales, Comunicación Corporativa',NULL),

(22106265,'J-31164376-1','www.haciendalaconcepcion.com.ve','Hacienda la Concepcion (Dr. Efrain Hoffmann)','Servicios de Hospedaje, Hoteles, Spa y Salud Integral: Masajes Antiestrés, Terapias Corporales, Desintoxicación, Cambio de Hábitos, Centros de Estetica, Medicina Antienvejecimiento, Yoga, Tai Chi, Meditación, Control de Adicciones, Masajes con Piedras Calientes, Dietas, Fisioterapia, Librerias','RECREACIÓN DEL SER<br><br>Turismo Holístico y Desarrollo Humano<br><br>Travesías Místicas con el Dr. Hoffman <br><br>Gran Sabana para Encontrar - Ser <br><br>9 Días para Conectar Tu Ser en Armonía con la Naturaleza en un Recorrido lleno de Experiencias Místicas y Sensoriales.<br><br>Un Viaje Pensando Especialmente en Ti, que te Permitirá Expandir tus Posibilidades de Salud y Bienestar en uno de los Escenarios más Antiguos del Planeta.<br><br>Comparte en la Compañía del reconocido Dr. Hoffman de Charlas, Meditaciones, Ejercicios, Reflexiones. Vivencias que te Permitirán ver la Vida y la Salud de una Forma más Amplia.<br>Cupos Limitados Reserva tu Lugar Ya <br>Consulta Itinerario y Plan de Inversión<br>www.recreaciondelser.com<br>viajes@recreaciondelser.com<br><br> (0212)915.7115 / 716.6109<br><br> (0412)201.2200 / (0412)629.5378<br><br> (0414)129.1756 / (0426)914.0236<br><br><br><br>\n\n\n\n\n\n\n\n\n\n\n\n\n\n\n\n\n'),

(22106685,'J-29895043-9','www.fedeven.com','Fedeven CA','Misceláneos, Herramientas Agrícolas, Automotriz y Mecates, Herramientas Manuales y Eléctricas, Alambres, Clavos, Mallas, Tornillos, Cerrajería. Ferreterias. Distribución y Comercialización de Materiales de Ferreterias y Construcción','FEDEVEN, CA es una empresa dedicada a la distribución y comercialización de materiales de ferretería y construcción. Comprometida a mantener excelentes políticas de mercadeo, tanto al mayor como al detal.<br> Como distribuidores les ofrecemos a los minoristas grandes oportunidades, dándole la mano a aquellas personas que como nosotros son emprendedores y quieren formar parte este gran sector ferretero, con FEDEVEN, C.A. tienen la posibilidad de adquirir productos de calidad a un bajo costo, lo que les permitirá la comercialización a un precio justo, ya que creemos firmemente que con la filosofía del ganar - ganar.<br> En FEDEVEN, CA encontrará asesoramiento profesional altamente calificado en todo lo relacionado con obras civiles y ámbito ferretero. Prestar un excelente servicio es la razón de ser de esta organización, satisfaciendo las necesidades del cliente y brindando soluciones prácticas con la premisa de garantizar la continuidad de su proyecto de construcción en un contexto tan complejo como el ferretero. <br>La escogencia del proveedor y los materiales adecuados, así como su correcto uso y manejo son de vital importancia, ya que esto puede repercutir significativamente sobre los costos y determinarán en gran medida la calidad y el rendimiento de su obra.<br>Por esto y más FEDEVEN, C.A. es su mejor aliado.'),

(22107173,'J-31743120-0','www.draire.com.ve','Dr. Aire','Aire Acondicionado Automotriz para Camiones, Camiones de Carga Pesada. Reparación, Instalación y Mantenimiento de Refrigeración Automotriz','GRAN PROMOCION EN CAMBIO DE EVAPORADOR<br>INCLUYE REPUESTO ORIGINAL, INSTALACION Y MANTENIMIENTO<br><br>Somos un Centro especializado en aire acondicionado automotriz, nos dedicamos únicamente a la reparación de aire acondicionado de vehículos, somos especialistas y contamos con personal altamente calificado para brindarle un servicio de calidad. Contamos con tienda de repuestos de excelente calidad americanos, para que usted no tenga que movilizarse a ubicar sus repuestos <br>Ofrecemos garantía por todas nuestras reparaciones y servicios, seriedad responsabilidad y un buen trabajo es lo que ofrecemos a nuestros clientes.<br><br>Nuestros servicios<br><br>Reparación de compresores de todas las marcas con banco de prueba<br>Cambio de sellos, orings y rodamientos internos<br>Cambio de válvulas, filtros y sistema electrónicos<br>Limpieza del sistema, barrido con nitrógeno, baño químico<br>Reparación de condensadores con soldadura de aluminio<br>Fabricación propia de mangueras <br>Trabajamos con materiales de excelente calidad gas refrigerante Dupont y aceite sintético americanos <br><br>MISION Y VISION<br><br>En DR.AIRE tenemos como misión servir y satisfacer con grado de excelencia las necesidades de nuestros clientes, con productos de calidad certificada, cumpliendo con todos los estándares y especificaciones de las diferentes ensambladoras. Ofrecer un buen servicio de avanzada, como valor agregado y en beneficio de nuestros clientes. Es nuestra visión ser una empresa comercial, en la que con el esfuerzo constante para servir a nuestros clientes, alcancemos el bienestar de nuestro personal y el de sus familias, nuestros proveedores, contribuyendo así con estas y otras acciones al desarrollo de la comunidad.<br><br>NUESTRAS INSTALACIONES <br><br>En un área de 1000 metros cuadrados en naguanagua en el callejón Mañongo a 50 metros del (Parque Dunas) brindando únicamente servicios de aire acondicionado automotriz ya que somos un centro especializado, estamos en céntrica ubicación fácil acceso y seguridad. Contamos con una confortable sala de espera donde usted podrá esperar su vehículo. <br>'),

(22107175,'J-40028615-8','www.accubanker.com.ve','Accubanker Venezuela','Distribución de Contadoras de Billetes, Contadoras de Monedas y Detectores de Dinero Falso. Somos representantes de la marca ACCUBANKER USA en Caracas y Maracaibo. ','Venta - Servicio al Mayor y Detal de Contadoras de Billetes, Detectores de Dinero Falso y Contadoras de Dinero.<br><br>AccuBANKER se ha constituido como el estándar mundial en la industria y es el proveedor líder de contadores de billetes y detectores de billetes falsos a costos muy económicos. Durante más de 25 años hemos ofrecido tecnología de punta, confiabilidad, precisión y velocidad a compañías y organizaciones para hacer más fácil su trabajo, eliminar el error humano, ahorrar tiempo y proveer \"tranquilidad\". Nuestras líneas de máquinas contadoras de dinero, contadoras portátiles y detectoras de dinero falso están diseñadas para satisfacer todas sus necesidades de manejo de efectivo. Todos nuestros contadores de billetes y detectores son extremadamente confiables y fáciles de usar.<br><br>SOMOS EL REPRESENTANTE DE LA MARCA ACCUBANKER USA EN VENEZUELA'),

(22200103,'J-30625011-5','www.edillara.com','Edil Lara CA','Productos de Impermeabilizacion. Servicio de Impermeabilizacion, Colocación de Mantos Asfalticos. Venta de Productos Impermeabilizantes',NULL),

(22200546,'J-29563929-5','www.bacan.com.ve','Calzados Gusti CA','Venta de Botas de Seguridad, Calzados Livianos, Plantillas Súper Confort, Punteras de Acero, Botas de Seguridad','Visión Bacan<br><br>Posicionarse exitosamente a nivel nacional como principal referente en la confección de calzados de seguridad reconocidos por su máxima protección y confort, sinónimo de calidad superior, innovación tecnológica y compromiso con el cliente.<br><br>Misión Bacan<br><br>Ofrecer a nuestros clientes un calzado de primera calidad, seguro y confortable, que garantice la satisfacción eficaz e inmediata de sus necesidades y la solución de los problemas derivados de las labores profesionales, enmarcado en un servicio óptimo que nos permita ganar su confianza y fidelidad.<br><br>Política De Bacan<br><br>La política de BACAN se basa en la optimización continua de sus productos y servicios con el fin de garantizar la satisfacción del cliente y superar sus expectativas. Confeccionamos calzados de seguridad que brindan verdaderas soluciones e innovaciones en materia de seguridad industrial, con diseños técnica y funcionalmente concebidos para todos los sectores laborales, reflejando así la vocación de la empresa y la voluntad de todo su equipo dedicado a ofrecer excelencia y calidad.<br><br>Objetivos De La Calidad<br><br> - Posicionarnos con éxito en el mercado venezolano como empresa de confección de calzados de seguridad<br> - Incrementar la venta y la producción manteniendo siempre un excelente servicio al cliente.<br> - Promover en todo el equipo de Bacan la cultura de mejoramiento continuo mediante la implementación y desarrollo de un Sistema de Gestión de la Calidad que proporcione los recursos humanos y técnicos necesarios para alcanzar las metas establecidas por cada departamento de la empresa<br> - Ser líderes en diseños funcionales e innovadores de calzado de seguridad<br>'),

(22200607,'J-29878179-3',NULL,'Invalca Barquisimeto CA','Venta de Plantas Electricas, Montacargas, Compresores, Bombas de Agua, Generadores Electricos, Plantas Electricas de Baja y Alta Capacidad. Equipos y Herramientas para Jardineria en General',NULL),

(22200655,'J-31259164-1','www.angeltellca.com','Angel Tell CA','Servicios de Mantenimiento y Proyectos en Electrónica. LLaves de Contacto, Intercomunicadores, Iluminación LED, Kits Solares',NULL),

(22201285,'J-40005112-6','www.tsbmaquinarias.com','Tsb Maquinarias','Servicios de Mantenimiento y Técnicos, Reconstrucciones, Venta de Repuestos al Mayor y Detal de Montacargas, Transpaletas, Payloaders y Minishovers, Gran Variedad en Marcas Toyota, Clark, Yale, Nissan y Komatzu a Nivel Nacional. Montacargas. Venta, Repuestos y Accesorios para Montacargas. Servicio Técnico Especializado. Mantenimiento Preventivo y Correctivo','TSB Maquinarias, C.A. es una empresa fundada en la ciudad de Valencia, Carabobo, Venezuela<br><br>Nuestro objetivo principal en esta actividad esta enfocada al mantenimiento de montacargas y venta de repuestos y accesorios tanto de combustión como eléctricos y eléctricos de hombre parado.<br><br>Se cuenta con un recurso humano capaz y eficiente para ofrecerle servicio de mantenimiento y reparación a la planta industrial tanto de Carabobo como a nivel nacional.'),

(22201385,'J-29713875-7',NULL,'Inversiones Dlj 1789 CA','Venta, Reparación, Distribución, Mantenimiento e Instalación Equipos de Aire Acondicionado, Fabricación de Ductos (en Poliuretano y Láminas Galvanizada) Refrigeración Residencial, Comercial e Industrial, Cavas, Neveras, Enfriadores de Agua, Fabricadores de Hielo. Electricidad, Fabricación de Transformadores, Trifásicos y Monofásicos',' - Venta, reparación, distribución, mantenimiento e instalación de equipos de aire acondicionado.<br><br> - Fabricacion de ductos (en poliuretano y Lamina galvanizada) refrigeracion residencial, comercial e industrial, <br><br> - Electricidad, fabricación de transformadores, trifasicos y monofasicos.<br> '),

(22201513,'J-40040278-6','www.madeplast.com.ve','Comercializadora Madeplast','Bolsas Plásticas, Bolsas plásticas en Caracas, Bolsas impresas, Bolsas Boutique, Sacos para Escombros, Bolsas Camisetas, Mangas Plásticas, Rollo Plástico, Bolsas con Cierre Hermético, Bolsas tipo Clip, Bolsas de Polietileno, Bolsas de Polipropileno, Bolsas de Celofán con pega, Venta de bolsas plásticas, Bolsas transparentes, Bolsas Con medidas especiales, Bolsas para chupi, Rollo para tintorería o Confección, Rollos para Chupi, Fabricante Bolsas plástico, Bolsas de plástico, Bolsas biodegradables, Bolsas para Tiendas, Bolsas para comercio, Bolsas para Ropa, Polietileno, Polipropileno, Bolsas. Fabrica Bolsas, Bolsas plástico, Bolsas Publicitarias, Manga plástico. Bolsas para vacío, Plástico en Rollos',NULL),

(22401569,'J-31538714-0','www.autoglassmarimar.com','Auto Glass Marimar CA','Parabrisas y Vidrios Automotrices, Parabrisas, Vidrios Parabrisas','Auto Glass Marimar Es Una Empresa Dedicada a la Instalación de Parabrisas y Vidrios Automotrices para Todo tipo de Vehículo. Somos Líderes en la Distribución de las Mejores Marcas del Mundo como lo son Pilkington, Carlite, Fuyao, Vivex, PPG, Sekurit, entre otras. Ofrecemos una Gama de Productos de Buena Calidad y a Precios especiales Dirigidos a Empresas, Personas Particulares, Taxis, Línea de Autobuses y Flotillas; Además, hacemos Descuentos por su Compra al Mayor y Afiliados a Empresas de Seguros.'),

(22402831,'J-08507155-5',NULL,'Irchalin CA','Servicio de Electricidad, Ferreterias Industrial, Herramientas, Equipos de Plomeria, Impermeabilizantes y Seguridad Industrial, Ferreterias','Comercializamos las mejores marcas a precios bajos en el Este de la ciudad. <br><br>HORARIO DE ATENCIÓN: Lunes a Viernes 7: 30 - 12: 00 AM / 1: 30 - 5: 00 PM '),

(22403294,'J-31547254-6','www.casadomo.com.ve','Casadomo','Especialistas en Domotica, Automatizacion, Casas Inteligentes, Seguridad, Audio, Vídeo, Intercomunicadores y Centrales Telefónicas, Comercializamos, Control4, Axolute, Audio Especializado, Classe, Rotel, Realizamos Proyectos de Iluminación, Diseño en 3D y Proyectos Eléctricos, Automatizacion','Somos un grupo de profesionales, con experiencia en diferentes campos.<br>Nos ponemos a su disposición para desarrollar sus proyectos.<br><br>Ing. Javier Gilson González<br>Con amplia experiencia en el desarrollo de proyectos domóticos y eléctricos, realizando la integración de sistemas de automatización.<br>Le ofrece la asesoria y desarrollo de sistemas de custom audio y domóticos.<br><br>Arq. Mario Lopez Fortique<br>A desarrollado innumerables proyectos de diseño arquitectónico.<br>Realiza propuestas de iluminación, diseño 3D, y ofrece asesoria en sus proyectos.<br><br>Ing. Leonid Lucenko.<br>Desarrolla diseños 3D, a partir de diseños en 2D de autoCAD.<br>Experiencia en un gran numero de proyectos de diseño residenciales y comerciales.<br>'),

(22403439,'J-31249925-7','www.ativen.com','Ati de Venezuela','Cartuchos. Recarga de Tintas, Tóner y Cartuchos ',NULL),

(22403475,'J-29468798-9','www.cavycar.com','Cavycar CA','Fabricación de Cavas de Refrigeracion. Isotérmicas en Fibra de Vidrio para Camiones ','Somos una empresa especializada en el área manufacturera dedicada a la elaboración de cavas de fibra de vidrio y aluminio para el transporte de mercancía secas o refrigeradas.<br><br>Ponemos a su disposición más de 30 años de experiencia en calidad de fabricación y asesoría de cavas para vehículos de carga con los mejores precios del mercado.<br><br>Poseemos una línea de productos que se adaptan a las necesidades del mercado: Cabinas en fibra de vidrio, Cavas isotérmicas en fibra de vidrio, Furgones para mercancía seca, Cavas isotérmicas, Carrocería plataforma de hierro, y mucho más.<br> <br>Misión<br>Ser reconocidos como una empresa comprometida y orientada a prestar un servicio eficaz y productos de excelente calidad, con un equipo humano altamente capacitado.<br><br>Visión<br>Ser una de las empresas más reconocidas a nivel nacional por la excelencia de nuestras cavas y furgones debido a su calidad, durabilidad, y a su adaptación a las necesidades de nuestros clientes.'),

(22403484,'J-00066554-0','www.avgh.org.ve','Asociacion Venezolana de Gestion Humana (Avgh)','Adiestramiento, Curso, Seminario de Personal ','La Asociación Venezolana de Gestión Humana, en alianza con Conestructuras tiene a disposición para las organizaciones resultado general del Estudio de la 7ma. Encuesta Nacional de Salarios y en los resultados del 1er. Estudio de Perfiles de Competencias en el Mercado Laboral Venezolano; estos estudios permitirán a las organizaciones públicas y privadas disponer de datos actualizados y fehacientes sobre: <br><br> - Información salarial de aproximadamente 90 posiciones. En este segmento, se detallan datos por cargos del Ingreso Mensual, Remuneración Total Anual y Compensación Variable. La encuesta también reflejará Información de la estructura salarial de Fuerza de Ventas.<br> - Beneficios Generales del Mercado. En este tópico también se incluyen los Beneficios otorgados por vías de Contratación Colectiva.<br> - Análisis de dispersión y Análisis de comparación por tipo de nómina.<br> - Estructura de pago por complejidad de procesos del mercado. El Sistema de Clasificación por Complejidad Técnica de Procesos y Subprocesos fue diseñado en Venezuela y ha sido implantado exitosamente en organizaciones pertenecientes al Sector Retail, Sector Medios de Prensa Escrita, Sector de Empresas Consultoras de Ingeniería, Sector Salud y Sector de Telecomunicaciones. Este método fue creado partiendo de la amplia experiencia en Consultoría con la cual cuenta Conestructuras y surge como una respuesta a la carencia de un sistema de valoración que se adaptase totalmente a la dinámica de las organizaciones en nuestro país.<br> - Cuáles son las competencias que actualmente se requieren para ser exitoso en la ejecución de las diferentes actividades asociadas a los puestos de trabajo.<br><br>Contacto: (0212) 762.83.55 / 762.20.43, <br>Fax: (0212) 763 2001, o a través de nuestros correos electrónicos: <br><br>eventos@avgh.org.ve / informacion@avgh.org.v'),

(22403587,'J-07552860-3',NULL,'Industrias Nobel CA','Sistemas de Seguridad Electronicos, Circuito Cerrado. Herreria en General, Cercas Electricas, Intercomunicadores y Mantenimiento',NULL),


(23100517,'J-00358744-3','www.kaluca.com','Inversiones Kaluca','Papel. Venta de Materiales Autoadhesivos para la Fabricación de Etiquetas, Calcomanías, Afiches, Vallas, Decoraciones, Bobinas de Papel','Inversiones Kaluca es una Empresa Venezolana, Familiar con más de Nueve Años en el Mercado de la Industria Gráfica, Destacándonos por ser Distribuidores y Asesores Técnicos de Materiales Autoadhesivos y Distribuidor Exclusivo de Barajitas y Álbumes Panini en Venezuela. <br>Estamos Organizados en cuatro grandes Áreas de Negocios: <br><br>*Suministro de Materiales Autoadhesivos, para la Conversión de Etiquetas de una Extensa Variedad de Aplicaciones de los Sectores Comercial e Industrial. <br><br>*Suministro de Materiales Autoadhesivos para la Industria Publicitaria (Impresión Digital, Rotulación y Materiales Reflectivos, entre otros). <br><br>*Distribución y Mercadeo de Colecciones Panini a Nivel Nacional en forma Exclusiva. <br><br>*Suministro de Cintas Ribbons para una Variedad Extensa de Impresoras de Transferencia Térmica.\n\n'),

(24000166,'J-30889404-4','www.grupografico5.com','Grupo Grafico 5 CA','Diseño, Impresiones Digitales, Gigantografía, Pancartas, Afiches',' - Impresiones<br> - Rotulado<br> - Acrílicos<br> - Imprenta<br> - Publicidad Exterior<br><br><br><br>\n\n\n\n\n\n'),

(24000819,'J-31111060-7','www.tucerrajeria.com.ve','Cerrajeria Bob CA','Cerrajeria Automotriz, Cajas de Seguridad, Llaves Maestras, Servicio a Domicilio las 24 Horas','Somos un equipo especializado en atender sus emergencias, a su vez garantizamos total seguridad.<br><br>Reportamos semanalmente cada uno de nuestros servicios a los organismos oficiales.<br><br>Estamos Certificados y avalados por la Asociación de Cerrajeros de Venezuela (A.C.D.V.).<br>'),

(24001307,'J-30654239-6','www.sivencasinger.com','Sivenca Singer','Venta de Maquinas de Coser y Bordar Domésticas e Industriales, Servicio Técnico del Fabricante, Repuestos, Aceites, Agujas, Hilos',NULL),

(24002474,'J-30889530-0',NULL,'La Trinidad Athletic Center & Spa','Gimnasios, Gym, Gimnasio de Máquinas Cardiovasculares, Boxeo, Aerobics, Spinning, Bailoterapia','La Trinidad Athletic Center & SPA, es un Gimnasio que cuenta con más de (50) Equipos de Multifuerza, Máquinas de Última Generación. <br><br>Ofrecemos clases de: <br><br> - Aerobic<br> - Tae - Bo<br> - Spinning<br> - Bailoterapia<br><br>Abrimos en horario corrido, sábados y feriados.<br>\n'),

(24002606,'J-30941437-2','www.bricotek.com','Inversiones Bricotek CA','Diseño y Fabricación de Todo Tipo de Puertas, Puertas Sólidas o Maciza, Puertas Entamboradas y Semi Macizas, Puertas de Cocina, Puertas de Romanilla, Ventanas y Gaveteros Sobre Diseño y a la Medida, Machihembrado','Somos una Empresa en el Ramo de la Madera, Dedicada al Diseño y Fabricación de Todo Tipo de Puertas. Macizas, Semi - Macizas, Entamboradas, Romanilla, Gabinetes, etc. Así como también, Closets, Ventanas, Machihembrados, Vigas y Derivados de la Madera.\n\n'),

(24100603,'J-30699949-3','www.aguamanilplus.com','Aguamanil','Cortinas y Persianas Hunter Douglas. Puertas para Baños, Corredizas y Batientes. Muebles para Baños, Toldos Extensibles y Enrollables, Herrajes de Cocinas, Sillas Acrilicas con Base de Acero Inoxidable, Aplicaciones Electricas Vimar, Zapateras, Griferias, Fregaderos. ','Misión <br>Consiste en la consolidación del concepto de tienda que busque cubrir íntegramente las necesidades del cliente.<br>Para ello, mencionaremos entre muchas tantas otras, las siguientes características: <br>\"	Verdadero respaldo y servicio Pre y Post Venta.<br>\"	Apoyo Técnico.<br>\"	Artículos de 1 era Calidad.<br>\"	Armonía.<br><br>La idea es ofrecer artículos realmente útiles y necesarios para el máximo disfrute del hogar y para que las labores que en el realicen sean más placenteras.<br> <br><br>Visión <br>Ser reconocidos a nivel nacional como la empresa preferida de decoración por los actuales y futuros clientes, quienes en muchos casos nos visitan desde los más remotos rincones de nuestra hermosa geografía. Lo hemos logrado y continuaremos ejerciendo nuestro compromiso ininterrumpido, como factor fundamental de nuestra labor para lograr alcanzar los objetivos.<br>Valores <br>Invitando a todos nuestros actuales y próximos clientes para que sigan depositando su confianza en un personal honesto, respetuoso, y humilde el cual hace de la moral y la ética sus atributos mas importantes para brindarles la mejor atención en todo momento que le sea requerida.<br>Tenemos como objetivo fundamental cumplir fiel y cabalmente todos y cada uno de nuestros compromisos adquiridos, ello con la finalidad de demostrar nuestro incesante y creciente espíritu de responsabilidad en busca de una mayor eficiencia y eficacia en el desempeño y en la realización de nuestras labores.<br><br>'),

(24100744,'J-29670639-5',NULL,'Toyomaquinas CA','Venta de Repuestos de Montacargas y Maquinaria Pesada. Alquiler de Montacargas','TOYOMAQUINAS, C.A. es una organización joven y dinámica que tiene como objeto la venta de repuestos para montacargas de todas las marcas (Toyota, Hyster, Clark, komatsu, Raymond, Mitsubishi, Nissan entre otras) y maquinaria pesada, ofrecemos el servicio de alquiler de equipos, además, ponemos a su disposición un equipo altamente calificado para realizar mantenimiento preventivo y correctivo de los montacargas. <br>Creemos en la libre competencia, adaptamos nuestra organización a las exigencias del mercado, nuestra capacidad de venta satisface el territorio nacional en toda su extensión y nos distingue la notable calidad y los excelentes precios en nuestro servicio. <br><br>Deseamos contar con ustedes entre nuestros más distinguidos clientes, con gusto los atenderemos a través de los siguientes números: telefax: 0243 - 234.49.93, telf.: 0243 - 234.49.95 / 0243 - 872.79.61/ 0412 - 748.54.83 / 0424 - 382.20.80, correo electrónico: toyomaquinas@hotmail.com y toyomaquinasca@gmail.com.<br>'),

(24100745,'J-31650803-0','www.sltracker.com','Tracker Gps','GPS Tracker. Monitoreo y Control de Flotas con Tecnología GPS, Rastreo y Localización de Vehículos Robados, Tecnologías de Diseño Asistido por Computadora, Sistemas de Información Geográfica. Seguridad, Instalacion de Alarmas de Seguridad para Autos',NULL),

(24100949,'J-29845959-0',NULL,'Corpoplast la 24 CA','Venta de Bolsas Plasticas y Desechables ',NULL),

(24101175,'J-29985659-2',NULL,'Mundo Europeo Repuestos y Motores','Venta de Motores y Repuestos Europeos Usados, Gran Variedad de Motores Usados Europeos de las Siguientes Marcas: Alta Romeo, Fiat, Ford Fiesta, Bmw, Honda, Renault, Nissan, Corsa, Toyota, Daewoo, Iveco, Cherokee.Carrocerías, Autorepuestos, Partes Eléctricas Nuevas y Usadas. Venta de Motores para Vehículos en General','\"Oferta en motores con caja y todos los accesorios desde Bs. 14.000, 00 de las siguientes marcas: fiat, alfa romeo, ford fiesta, honda, Bmw, renault, corsa, daewoo ... !traídos directo de Italia!.. Casi Nuevos\"<br><br>Ofrecemos Gran Variedad de Motores Usados Europeos de las Siguientes Marcas: Alta Romeo, Fiat, Ford Fiesta, Bmw, Honda, Renault, Nissan, Corsa, Toyota, Daewoo, Iveco, Cherokee'),

(24101190,'J-29562944-3','www.miami-express-shop.com','Miami - Express - Shop','Distribuidores (Mayor y detal) de las marcas: Hp, Alcatel, Rim Blackberry, Nokia, Apple, Lg, Samsung, Motorola, Sony Ericsson. Todo en Equipos de Computacion. Venta al Mayor y Detal la Línea Victoria Secret. Todo en Consumibles marca Ledmark. Importadores en General. Compras Internacionales. Importaciones de Todo Tipo De Mercancías, Compras Personalizadas, Soluciones Corporativas a Empresas de América Latina. Envíos Puerta a Puerta Desde USA, Venezuela, Latinoamerica y Ahora España, Consollide Varias Tarjetas en una Sola Compra\n','Miami Express Shop, es marca registrada de C & J Group Corp. nuestra compañía fue establecida en los Estados Unidos en el año 2009, Distribuimos a toda Latinoamérica y el Caribe desde Miami, Florida con los productos de mejor calidad y nuestra atención distinguida, directamente de los fabricantes. <br>Somos distribuidores directos de: Apple, LG, RIM Blackberry y Alcatel y distribuidores autorizados de: Samsung, Nokia, Motorola y Sony Ericsson.<br>Nosotros enviamos directamente desde Miami, Florida hasta su ciudad, los paquetes son enviados por vía aérea o marítima dependiendo del tamaño de la encomienda y el tipo de producto.<br>Adicional a cualquiera de las marcas antes nombradas podemos ubicar y coordinar la compra de cualquier tipo de artículo, que nos sea requerido.<br>En cuanto al procedimiento de compra, usted escoge el (los) producto (s) que desea, le cotizamos el precio y envió, puede pagar con tarjeta de crédito, Visa, Mastercard, American Express, y/o Discover. Transferencia bancaria.<br><a target=\"_blank\" href=\"http://www.facebook.com/pages/Miami - Express - Shop/147025268669555\">Visítenos en Facebook</a> <br><br><a target=\"_blank\" href=\"http://twitter.com/#!/MiamiExpressS\">Síguenos en Twitter</a> '),

(24101222,'J-29379158-8','www.serviexpress-int.com','Serviexpress Internacional','Servicio Internacional de Encomiendas y Mensajería Integral, Cobranzas, Entregas de Facturas, Pagos de Servicios Públicos o Privados, Depósitos. Entrega de Invitaciones, Estados de Cuenta, Material POP, Muestras Médicas. Servicio de Valija Nacional e Internacional, Casilleros Nacionales y Envíos de Cobro. Envio de Documentos','Somos una solución integral de mensajería para su empresa con más de 8 años de experiencia en el mercado, contamos con la más alta tecnología y con un staff de mensajeros calificados en continuo adiestramiento para ofrecerles un servicio de calidad.<br><br>Serviexpress Internacional realiza todo tipo de encomiendas, elimina sus gastos de nómina y pasivos laborales, todo esto con una atención personalizada y planes que se ajustan a sus necesidades.<br> <br>Misión<br>Prestar un servicio integral de mensajería y encomienda, de una manera segura, rápida, confiable y personalizada con la mas alta tecnología.<br><br>Visión<br>Ser el proveedor número uno en el manejo de la correspondencia y mensajería de las empresas, con tecnología de punta y vocación de servicio, de la manera más segura y confiable.'),(24201221,'J-29656918-5',NULL,'Festejos Grandes Eventos (Ciproeca)','Alquiler de Sillas y Mesas, Agencia de Festejos, Servicio de Fiestas Infantiles, Decoración y Centros de Mesa, Tortas y Pasapalos, Menú para Fiestas',NULL),

(24201256,'J-29713903-6','www.redfloral.com','Redfloral','Floristerias. Arreglos Florales para Toda Ocasión','REDFLORAL.COM<br><br>Es una distinguida forma de obsequiar flores a todas las personas importantes para ti, innovamos con nuevas líneas de productos y muchas más opciones en cuanto al regalo perfecto para cada ocasión, Además de esto, nuestro gran compromiso con nuestros distinguidos clientes es el de proveerles un<br>servicio de excelente calidad.<br><br> También tenemos como objetivo principal, ser tu fuente más confiable para ayudarte a mantener estrechos lazos con las personas especiales para ti y para realzarte en cualquier evento. Tus comentarios acerca de nuestro sitio y líneas de productos siempre serán bienvenidos y tomados en cuenta por nuestro equipo de trabajo. En caso de tener alguna duda sobre nuestro portal web o procedimientos operativos te invitamos a revisar nuestra sección de preguntas mas frecuentes en el cual encontraras la respuesta que estás buscando. <br> <br> De igual manera, nuestro compromiso nos hace garantizarte tu total satisfacción en todos nuestros productos de la línea floral y de regalos.'),

(24202092,'J-30484157-4','www.satelca.com.ve','Satelca Satelites y Telecomunicaciones Caracas','Empresa Líder en Seguridad y Tecnología, con 14 años de Experiencia Dedicada a la Ingeniería y Operación de Sistemas de Seguridad Integral, Sistemas de Radiocomunicaciones Móviles Troncalizadas, Redes Privadas y Tecnología de Información.','Somos una empresa líder en seguridad y tecnología desarrollada con capital venezolano, radicada en la región oriental del país y dedicada a la ingeniería y operación de sistemas de seguridad integral, sistemas de radiocomunicaciones móviles troncalizadas, redes privadas y tecnologías de información. - Con una amplia gama de opciones y una comprobada experiencia, les ofrecemos plena satisfacción de sus necesidades de seguridad y telecomunicaciones con nuestros servicios. <br><br><a target=\"_blank\" href=\"http://i51.tinypic.com/bgbe6s.gif\">Radiocomunicaciones en Caracas</a> <br><br><a target=\"_blank\" href=\"http://i56.tinypic.com/k1xl04.gif\">GPS y Rastreo Satelital en Caracas</a> <br><br><a target=\"_blank\" href=\"http://i53.tinypic.com/34ovxie.gif\">Servicios en Oriente</a> <br><br>Tenemos a su disposición nuestra página web www.satelca.com y varios correo electrónicos para atención: infosatelca@satelca.com y ventas@satelca.com\n\n\n\n\n\n\n'),

(24301398,'J-07581663-3','www.hotelbermudez.com','Hotel Bermudez SRL','Resorts, Servicio de Hospedaje, Hoteles, Restaurantes, Wi - Fi, Agencia de Festejo, Salón para Eventos, Estacionamiento Techado. Hoteles Turisticos','El Hotel Bermúdez Ofrece los Siguientes Servicios: <br><br>*Habitaciones con Aire Acondicionado, TV por Cable, Agua Caliente, Teléfono, Mini - Bar, Acceso Wi - Fi y Desayuno Incluido.<br><br> *Acceso a Internet de Alta Velocidad. <br><br>*El Restaurant Abre sus Puertas desde las 7 de la Mañana para Ofrecer Deliciosos Desayunos y Hasta las 4 de la Tarde Usted puede también Disfrutar de Almuerzos Tipo Buffet, con Menú Variado, sea o no Huésped del Hotel. <br><br>*Contamos con un Amplio Estacionamiento Techado para Comodidad y Seguridad de Nuestros Clientes. <br><br>*Alquiler de Salón para Todo Tipo de Eventos y Fiestas, con Opción a Alquiler de Equipos de Proyección para sus Presentaciones. <br><br>*Le Ayudamos en la Organización de su Evento. Desde el Estudio y Planificación, Hasta la Puesta en Marcha y Finalización.<br><br>*Agencia de Festejos. Todo lo que Necesite para sus Eventos: Mantelería, Sillas Vestidas, Mesones, Etc. Dentro y Fuera del Hotel. <br><br><a target=\"_blank\" href=\"http://www.twitter.com/hotelbermudez\">Síguenos en Twitter</a> <br><br><a target=\"_blank\" href=\"http://www.facebook.com/hotelbermudezsrl\">Visítanos en Facebook</a> <br>'),

(24301858,'J-30127404-0',NULL,'Micro Channel System CA','Instalación de Camaras de Seguridad, Servicio Técnico Especializado. Reparacion y Venta de Equipos de Computación. CCTV',NULL),

(24301911,'J-30903450-2','www.supermateriales.com','Supermateriales CA','Tuberías, Conexiones, Válvulas, Accesorios. Distribuidores Autorizados Tubrica y Fimaca','Somos una Empresa Dedicada Principalmente a la Venta y Distribución de Insumos para Acueductos y Edificaciones. Satisfacemos a Nuestros Clientes Gracias a la Disponibilidad Inmediata y a Nuestra gran Calidad de Servicio Acorde a las Necesidades de Todas Aquellas Empresas Dedicadas al Ramo de la Construcción y Desarrollo de Proyectos.\n\n\n'),

(24301954,'J-30621727-4','www.proing.com.ve','P y C Gb Proing CA','Proyectos y Construcciones, Venta de Filtros, Cauchos, Herramientas, Baterías y Acumuladores, Conexiones, Mangueras, Aceites y Lubricantes, Bornes para Baterías',NULL);


-- --------------------------------------------------------

--
-- Table structure for table `estados`
--

INSERT INTO `estados` (`codigoestado`, `nombreestado`) VALUES
(1, 'Caracas'),
(3, 'Anzoategui'),
(5, 'Aragua'),
(6, 'Barínas'),
(7, 'Bolívar'),
(8, 'Carabobo'),
(9, 'Cojedes'),
(10, 'Falcon'),
(11, 'Guarico'),
(12, 'Lara'),
(13, 'Merida'),
(14, 'Miranda'),
(15, 'Monagas'),
(16, 'Nueva Esparta'),
(17, 'Portuguesa'),
(18, 'Sucre'),
(19, 'Tachira'),
(20, 'Trujillo'),
(21, 'Vargas'),
(22, 'Yaracuy'),
(23, 'Zulia');


-- --------------------------------------------------------

--
-- Table structure for table `paginacioncategorias`
--

INSERT INTO `paginacioncategorias` (`codigoempresa`, `codigocategoria`, `codigoseccion`, `codigoestado`, `codigociudad`, `tipoaviso`, `nombreaviso`, `eslogan`, `numeropagina`, `ordenpagina`, `ordenciudad`, `ordenestado`) VALUES
(21420131,1363,18,1,41,'F','aintec.gif',NULL,2,5,1,1),(21420131,1363,18,12,53,'F','aintec.gif',NULL,65,1,1,1),(21420131,1364,18,1,41,'F','aintec.gif',NULL,1,1,1,1),(21420131,1364,18,12,53,'F','aintec.gif',NULL,18,1,1,1),(21420131,1713,18,1,41,'F','aintec.gif',NULL,1,1,1,1),(21420131,1713,18,12,53,'F','aintec.gif',NULL,10,1,1,1),


(21977157,139,2,1,41,'A','adasem.swf',NULL,27,1,2,3),
(21978937,784,2,1,41,'A','adasem.swf',NULL,27,1,2,3),


(21423565,821,5,1,41,'A','adasem.swf',NULL,1,1,1,1),(21423565,821,5,5,51,'A','adasem.swf',NULL,21,5,1,1),(21423565,821,5,6,74,'A','adasem.swf',NULL,39,1,1,1),(21423565,821,5,12,53,'A','adasem.swf',NULL,52,1,1,1),(21423565,821,5,8,55,'A','adasem.swf',NULL,26,1,1,2),(21423565,821,5,23,48,'A','adasem.swf',NULL,57,1,1,2),(21423565,821,5,17,240,'A','adasem.swf',NULL,56,1,2,3),(21423565,821,5,9,332,'A','adasem.swf',NULL,24,1,1,4),(21423565,821,5,10,85,'A','adasem.swf',NULL,55,1,1,4),(21423565,821,5,22,121,'A','adasem.swf',NULL,59,1,1,5),(21423565,822,5,1,41,'A','adasem.swf',NULL,1,1,1,1),(21423565,822,5,5,51,'A','adasem.swf',NULL,12,1,1,1),(21423565,822,5,6,74,'A','adasem.swf',NULL,18,1,1,1),(21423565,822,5,12,53,'A','adasem.swf',NULL,22,1,1,1),(21423565,822,5,8,55,'A','adasem.swf',NULL,15,1,1,2),(21423565,822,5,23,48,'A','adasem.swf',NULL,26,1,1,2),(21423565,822,5,17,240,'A','adasem.swf',NULL,25,1,2,3),(21423565,822,5,9,332,'A','adasem.swf',NULL,13,1,1,4),(21423565,822,5,10,85,'A','adasem.swf',NULL,24,1,1,4),(21423565,822,5,22,121,'A','adasem.swf',NULL,28,1,1,5),(21423565,1115,5,1,41,'A','adasem.swf',NULL,1,1,1,1),(21423565,1115,5,5,51,'A','adasem.swf',NULL,4,1,1,1),(21423565,1115,5,6,74,'A','adasem.swf',NULL,9,1,1,1),(21423565,1115,5,12,53,'A','adasem.swf',NULL,10,1,1,1),(21423565,1115,5,8,55,'A','adasem.swf',NULL,7,1,1,2),(21423565,1115,5,23,48,'A','adasem.swf',NULL,13,1,1,2),(21423565,1115,5,17,240,'A','adasem.swf',NULL,12,1,2,3),(21423565,1115,5,9,332,'A','adasem.swf',NULL,5,1,1,4),(21423565,1115,5,10,85,'A','adasem.swf',NULL,11,1,1,4),(21423565,1115,5,22,121,'A','adasem.swf',NULL,14,1,1,5),(21423565,1761,5,1,41,'A','adasem.swf',NULL,1,1,1,1),(21423565,1761,5,5,51,'A','adasem.swf',NULL,12,1,1,1),(21423565,1761,5,6,74,'A','adasem.swf',NULL,22,1,1,1),(21423565,1761,5,12,53,'A','adasem.swf',NULL,25,1,1,1),(21423565,1761,5,8,55,'A','adasem.swf',NULL,15,1,1,2),(21423565,1761,5,23,48,'A','adasem.swf',NULL,28,1,1,2),(21423565,1761,5,17,240,'A','adasem.swf',NULL,27,1,2,3),(21423565,1761,5,9,332,'A','adasem.swf',NULL,13,1,1,4),



(21423717,2489,44,1,41,'F','anardi.gif',NULL,1,1,1,1),(21423717,2489,44,5,51,'F','anardi.gif',NULL,3,1,1,1),(21423717,2489,44,12,53,'F','anardi.gif',NULL,8,1,1,1),(21423717,2489,44,3,58,'F','anardi.gif',NULL,13,1,15,1),(21423717,2489,44,8,55,'F','anardi.gif',NULL,4,1,1,2),(21423717,2489,44,7,57,'F','anardi.gif',NULL,14,1,11,2),

(21440979,120,21,12,53,'A','ahierrof.swf',NULL,116,5,1,1),(21440979,120,21,12,153,'A','ahierrof.swf',NULL,134,1,4,1),(21440979,120,21,22,121,'A','ahierrof.swf',NULL,125,1,1,5),(21440979,614,13,12,53,'A','ahierrof.swf',NULL,75,1,1,1),(21440979,614,13,12,153,'A','ahierrof.swf',NULL,83,1,4,1),(21440979,614,13,22,121,'A','ahierrof.swf',NULL,79,1,1,5),

(21975303,1487,45,12,53,'F','ahvirgn.gif',NULL,84,10,1,1),(21975303,1487,45,22,121,'F','ahvirgn.gif',NULL,90,5,1,5),

(21977693,1111,39,8,55,'H','asegull.gif',NULL,17,1,1,2),

(21978770,1363,18,8,55,'H','agozmar.gif',NULL,30,15,1,2),

(21978787,479,22,8,55,'H','aazufie.gif',NULL,27,15,1,2),

(21979362,2346,38,5,51,'F','aofsalu.gif',NULL,12,1,1,1),(21979362,2346,38,8,55,'F','aofsalu.gif',NULL,16,5,1,2),

(21979487,260,37,1,41,'H','aterras.gif',NULL,1,1,1,1),(21979487,260,37,8,55,'H','aterras.gif',NULL,10,1,1,2),(21979487,2194,37,1,41,'H','aterras.gif',NULL,1,1,1,1),(21979487,2194,37,8,55,'H','aterras.gif',NULL,2,1,1,2),

(21979500,1108,39,8,55,'H','aivcide.gif',NULL,16,15,1,2),(21979500,1211,39,8,55,'H','aivcide.gif',NULL,7,15,1,2),

(22101424,1770,45,1,41,'A','aomega.swf',NULL,1,1,1,1),(22101424,1770,45,3,70,'A','aomega.swf',NULL,65,1,1,1),(22101424,1770,45,3,58,'A','aomega.swf',NULL,80,1,15,1),(22101424,1770,45,23,48,'A','aomega.swf',NULL,52,1,1,2),(22101424,1770,45,15,81,'A','aomega.swf',NULL,69,1,1,5),(22101424,2448,20,1,41,'A','aomegaa.swf',NULL,1,15,1,1),

(22103495,1760,37,1,41,'A','amavempa.swf',NULL,1,5,1,1),(22103495,2336,37,1,41,'A','amavempa.swf',NULL,1,1,1,1),


(22106265,1036,31,1,41,'F','ahacona.gif',NULL,1,1,1,1),(22106265,1036,31,8,55,'F','ahacona.gif',NULL,20,1,1,2),(22106265,1036,31,8,138,'F','ahacona.gif',NULL,22,1,2,2),(22106265,1036,31,8,71,'F','ahacona.gif',NULL,27,1,16,2),(22106265,1039,38,1,41,'F','ahaconm.gif',NULL,1,1,1,1),(22106265,1039,38,8,55,'F','ahaconm.gif',NULL,7,1,1,2),(22106265,1039,38,8,138,'F','ahaconm.gif',NULL,8,1,2,2),(22106265,1039,38,8,71,'F','ahaconm.gif',NULL,9,1,16,2),(22106265,1487,45,1,41,'F','ahacon.gif',NULL,2,10,1,1),(22106265,1487,45,8,55,'F','ahacon.gif',NULL,27,5,1,2),(22106265,1487,45,8,138,'F','ahacon.gif',NULL,29,1,2,2),(22106265,1487,45,8,71,'F','ahacon.gif',NULL,39,1,16,2),(22106265,2098,38,1,41,'F','ahaconv.gif',NULL,1,1,1,1),(22106265,2098,38,8,55,'F','ahaconv.gif',NULL,2,1,1,2),(22106265,2098,38,8,138,'F','ahaconv.gif',NULL,3,1,2,2),(22106265,2098,38,8,71,'F','ahaconv.gif',NULL,4,1,16,2),(22106265,2144,38,1,41,'F','ahaconf.gif',NULL,1,1,1,1),(22106265,2144,38,8,55,'F','ahaconf.gif',NULL,4,1,1,2),(22106265,2144,38,8,138,'F','ahaconf.gif',NULL,5,1,2,2),(22106265,2144,38,8,71,'F','ahaconf.gif',NULL,6,1,16,2),(22106265,2178,15,1,41,'F','ahacona.gif',NULL,1,1,1,1),(22106265,2178,15,8,55,'F','ahacona.gif',NULL,4,1,1,2),(22106265,2178,15,8,138,'F','ahacona.gif',NULL,5,1,2,2),(22106265,2178,15,8,71,'F','ahacona.gif',NULL,6,1,16,2),(22106265,2213,38,1,41,'F','ahcont.gif',NULL,1,1,1,1),(22106265,2213,38,8,55,'F','ahcont.gif',NULL,12,1,1,2),(22106265,2213,38,8,138,'F','ahcont.gif',NULL,14,1,2,2),(22106265,2213,38,8,71,'F','ahcont.gif',NULL,18,1,16,2),(22106265,2229,38,1,41,'A','ahaconc.gif',NULL,1,1,1,1),(22106265,2229,38,8,55,'A','ahaconc.gif',NULL,8,1,1,2),(22106265,2229,38,8,138,'A','ahaconc.gif',NULL,9,1,2,2),(22106265,2229,38,8,71,'A','ahaconc.gif',NULL,12,1,16,2),(22106265,2288,38,1,41,'F','ahacond.gif',NULL,1,1,1,1),(22106265,2288,38,8,55,'F','ahacond.gif',NULL,8,1,1,2),(22106265,2288,38,8,138,'F','ahacond.gif',NULL,9,1,2,2),(22106265,2288,38,8,71,'F','ahacond.gif',NULL,11,1,16,2),(22106265,2316,38,1,41,'F','ahcont.gif',NULL,1,1,1,1),(22106265,2316,38,8,55,'F','ahcont.gif',NULL,4,1,1,2),(22106265,2316,38,8,138,'F','ahcont.gif',NULL,5,1,2,2),(22106265,2316,38,8,71,'F','ahcont.gif',NULL,6,1,16,2),(22106265,2382,38,1,41,'F','ahaconf.gif',NULL,1,1,1,1),(22106265,2382,38,8,55,'F','ahaconf.gif',NULL,12,1,1,2),(22106265,2382,38,8,138,'F','ahaconf.gif',NULL,13,1,2,2),(22106265,2382,38,8,71,'F','ahaconf.gif',NULL,16,1,16,2),(22106265,2383,38,1,41,'F','ahacona.gif',NULL,1,1,1,1),(22106265,2383,38,8,55,'F','ahacona.gif',NULL,2,1,1,2),(22106265,2383,38,8,138,'F','ahacona.gif',NULL,3,1,2,2),(22106265,2383,38,8,71,'F','ahacona.gif',NULL,4,1,16,2),(22106265,2397,38,1,41,'F','ahacond.gif',NULL,1,1,1,1),(22106265,2397,38,8,55,'F','ahacond.gif',NULL,9,1,1,2),(22106265,2397,38,8,138,'F','ahacond.gif',NULL,10,1,2,2),(22106265,2397,38,20,80,'F','ahacond.gif',NULL,14,1,14,4),(22106265,2477,45,1,41,'F','ahacon.gif',NULL,1,15,1,1),(22106265,2477,45,8,55,'F','ahacon.gif',NULL,14,1,1,2),(22106265,2477,45,8,138,'F','ahacon.gif',NULL,15,1,2,2),(22106265,2477,45,8,71,'F','ahacon.gif',NULL,18,1,16,2),(22106265,2544,11,1,41,'F','ahaconm.gif',NULL,1,1,1,1),(22106265,2544,11,8,55,'F','ahaconm.gif',NULL,9,1,1,2),(22106265,2544,11,8,138,'F','ahaconm.gif',NULL,10,1,2,2),(22106265,2544,11,8,71,'F','ahaconm.gif',NULL,12,1,16,2),

(22106685,111,21,12,53,'H','afedev.gif',NULL,13,5,1,1),(22106685,120,21,12,53,'F','afedeve.gif',NULL,116,10,1,1),

(22200103,1494,33,12,53,'H','aedilar.gif',NULL,9,1,1,1),(22200103,1494,33,17,240,'H','aedilar.gif',NULL,10,1,2,3),(22200103,1494,33,22,121,'H','aedilar.gif',NULL,12,1,1,5),

(22200607,5,2,12,53,'F','ainvalc.gif',NULL,4,1,1,1),(22200607,2339,18,12,53,'F','ainvalc.gif',NULL,20,10,1,1),

(22200655,1371,18,5,51,'F','aangtel.gif',NULL,4,1,1,1),(22200655,1371,18,5,82,'F','aangtel.gif',NULL,12,1,20,1),

(22201285,737,44,8,55,'H','atsbmaq.gif',NULL,6,5,1,2),(22201285,737,44,8,387,'H','atsbmaq.gif',NULL,8,1,21,2),(22201285,1893,44,8,387,'H','atsbmaq.gif',NULL,12,1,21,2),

(22402831,111,21,12,53,'F','airchal.gif',NULL,13,1,1,1),(22402831,120,21,12,53,'F','airchal.gif',NULL,116,30,1,1),

(22403439,2200,12,1,41,'A','ativzla.swf',NULL,1,5,1,1),(22403439,2200,12,12,53,'A','ativzla.swf',NULL,16,5,1,1),(22403439,2200,12,12,174,'A','ativzla.swf',NULL,21,1,5,1),(22403439,2200,12,3,58,'A','ativzla.swf',NULL,31,1,15,1),(22403439,2200,12,8,55,'A','ativzla.swf',NULL,10,5,1,2),(22403439,2200,12,23,48,'A','ativzla.swf',NULL,17,5,1,2),

(22403475,1250,35,8,55,'H','acavycr.gif',NULL,6,1,1,2),

(22403587,86,33,5,51,'F','aindnob.gif',NULL,5,5,1,1),(22403587,1684,39,5,51,'F','aindnob.gif',NULL,15,10,1,1),

(24001307,930,43,1,41,'A','asivns.swf',NULL,1,1,1,1),(24001307,930,43,12,53,'A','asivns.swf',NULL,19,1,1,1),(24001307,930,43,17,44,'A','asivns.swf',NULL,22,1,1,3),(24001307,930,43,22,121,'A','asivns.swf',NULL,21,1,1,5),

(24100603,92,33,8,55,'H','aamanil.gif',NULL,11,5,1,2),(24100603,482,30,8,55,'H','aamanil.gif',NULL,13,5,1,2),

(24100949,685,19,12,53,'F','acorpop.gif',NULL,22,1,1,1),(24100949,2348,46,12,53,'F','acorpop.gif',NULL,7,1,1,1),

(24101175,1234,7,12,53,'H','ameurop.gif',NULL,10,5,1,1),

(24201256,148,1,1,41,'F','aredffl.gif',NULL,1,20,1,1),(24201256,148,1,8,55,'F','aredffl.gif',NULL,18,5,1,2),(24201256,1980,22,1,41,'F','aredffl.gif',NULL,1,5,1,1),(24201256,1980,22,8,55,'F','aredffl.gif',NULL,11,5,1,2),

(24301911,119,13,5,51,'F','asuperm.gif',NULL,11,15,1,1),(24301911,119,13,5,82,'F','asuperm.gif',NULL,19,1,20,1),(24301911,1286,28,5,51,'F','asuperm.gif',NULL,10,5,1,1),(24301911,1286,28,5,82,'F','asuperm.gif',NULL,16,1,20,1);


-- --------------------------------------------------------

--
-- Table structure for table `secciones`
--

INSERT INTO `secciones` (`codigoseccion`, `nombreseccion`) VALUES
(1, 'Adornos, Arreglos y Regalos'),
(2, 'Agricultura, Cria, Animales y Plantas'),
(3, 'Alimentos ... Equipos y Accesorios'),
(4, 'Alimentos ... Productos'),
(5, 'Publicidad, Material Pop, Artes Graficas'),
(6, 'Articulos ... Varios'),
(7, 'Automoviles, Vehiculos, Camiones, Motos'),
(8, 'Aviones, Barcos y Trenes'),
(9, 'Bancos, Seguros, Finanzas, Creditos'),
(10, 'Bebidas y Tabaco'),
(11, 'Belleza, Cuidado E Higiene'),
(12, 'Computacion, Informatica y Tecnologia'),
(13, 'Construccion, Decoracion ... Productos'),
(14, 'Construccion, Decoracion ... Servicios'),
(15, 'Consultores, Asesores ... Varios'),
(16, 'Deportes, Recreacion, Hobbies y Juegos'),
(17, 'Educacion, Aprendizaje y Adiestramiento'),
(18, 'Electricidad, Electronica, Iluminacion'),
(19, 'Empaques, Envases, Recipientes'),
(20, 'Eventos, Arte y Espectaculos'),
(21, 'Ferreterias, Pinturas y Sanitarios'),
(22, 'Festejos y Recepciones'),
(23, 'Fumigacion, Incineracion y Purificacion'),
(25, 'Limpieza, Pulitura y Mantenimiento'),
(26, 'Maderas y Vidrios'),
(27, 'Maquinas, Maquinarias y Equipos'),
(28, 'Materiales, Productos ... Varios'),
(29, 'Metalmecanica, Metalurgia y Plasticos'),
(30, 'Muebles, Mobiliario y Cuadros'),
(31, 'Oficina, Escolar, Papeleria, Libros'),
(32, 'Organismos, Instituciones, Gobierno'),
(33, 'Pisos, Techos, Paredes, Puertas, Ventanas'),
(34, 'Quimica, Energia, Petroleo y Minas'),
(35, 'Refrigeracion y Calefaccion'),
(36, 'Restaurantes y Centros Nocturnos'),
(37, 'Ropa, Calzado, Accesorios y Joyas'),
(38, 'Salud, Medicina, Ciencia y Bienestar'),
(39, 'Seguridad - Proteccion, Seguridad - Control'),
(40, 'Servicios y Comercios ... Varios'),
(41, 'Sonido, Video y Fotografia'),
(42, 'Telecomunicaciones, Telefonia, Internet'),
(43, 'Textiles, Lenceria, Mercerias, Tapicerias'),
(44, 'Transportadores, Elevadores y Gruas'),
(45, 'Turismo, Negocio, Correo y Transporte'),
(46, 'Vajillas y Utensilios'),
(47, 'Medios de Comunicacion Audiovisuales'),
(48, 'Medios de Comunicacion Digitales'),
(49, 'Medios de Comunicacion Impresos');


-- --------------------------------------------------------

--
-- Table structure for table `urbanizaciones`
--

INSERT INTO `urbanizaciones` (`codigourb`, `codigociudad`, `nombreurb`) VALUES
(4, 41, 'Los Chaguaramos'),
(7, 41, 'Palo Verde'),
(8, 41, 'La Urbina'),
(13, 41, 'Boleíta Norte'),
(14, 41, 'Boleíta Sur'),
(16, 41, 'Montecristo'),
(21, 41, 'Los Palos Grandes'),
(22, 41, 'Buena Vista'),
(24, 41, 'Los Cortijos de Lourdes'),
(27, 41, 'Macaracuay'),
(34, 41, 'Los Ruices'),
(41, 41, 'Chuao'),
(54, 41, 'El Rosal'),
(59, 41, 'Los Naranjos-Cafetal'),
(69, 41, 'Campo Alegre'),
(73, 41, 'Sabana Grande'),
(74, 41, 'Bello Monte'),
(79, 41, 'Los Cedros'),
(80, 41, 'La Campiña'),
(162, 41, 'La Trinidad'),
(181, 41, 'Prado de María'),
(295, 41, 'Chacao'),
(296, 41, 'Altamira'),
(1374, 41, 'La California Norte'),
(1382, 41, 'El Centro'),
(1391, 41, 'Unión'),
(1684, 41, 'Colinas de Bello Monte'),
(1781, 41, 'El Recreo'),
(1783, 41, 'Parque Carabobo'),
(1790, 41, 'Boleíta '),
(314, 51, 'La Barraca (Urb.)'),
(358, 51, 'El Carmen'),
(402, 51, 'Centro'),
(404, 51, 'San Ignacio'),
(1131, 51, 'Parque Aragua'),
(1166, 51, 'Lourdes'),
(1177, 51, 'Piñonal Norte'),
(1310, 53, 'Zona Industrial I'),
(3239, 53, 'Centro'),
(209, 55, 'La Viña'),
(241, 55, 'La Florida'),
(243, 55, 'Mañongo'),
(289, 55, 'San Blas 1 y 2'),
(1196, 55, 'Sabana Larga'),
(1265, 55, 'El Viñedo (Urb.)'),
(1809, 55, 'Centro'),
(1849, 55, 'San José'),
(2976, 55, 'Ind. Municipal Sur'),
(2824, 82, 'El Tierral'),
(2133, 387, 'El Molino');